ts_utc,o,h,l,c,volume,vwap,above_vwap,retest_flag
2025-09-23T00:00:59Z,0.4363,0.4363,0.4356,0.4357,444457.8,0.4357,1,0
2025-09-23T00:01:59Z,0.4358,0.4366,0.4358,0.4366,318909.5,0.4360759901033225,1,0
2025-09-23T00:02:59Z,0.4366,0.4369,0.4365,0.4369,250426.8,0.4362795365252175,1,0
2025-09-23T00:03:59Z,0.4369,0.4369,0.4364,0.4365,212243.0,0.43631770162583167,1,0
2025-09-23T00:04:59Z,0.4365,0.4366,0.4361,0.4361,188955.5,0.4362886301525534,0,1
2025-09-23T00:05:59Z,0.4361,0.4363,0.4357,0.4357,100224.3,0.4362496951030575,0,0
2025-09-23T00:06:59Z,0.4358,0.4364,0.4357,0.4364,335678.0,0.436276954374881,1,1
2025-09-23T00:07:59Z,0.4363,0.4365,0.4359,0.436,564294.7,0.43621224563073635,0,1
2025-09-23T00:08:59Z,0.436,0.4362,0.4357,0.4358,198334.8,0.4361809611878887,0,0
2025-09-23T00:09:59Z,0.4358,0.4363,0.4358,0.436,138545.6,0.4361718511811109,0,0
2025-09-23T00:10:59Z,0.4359,0.4361,0.4357,0.436,197932.3,0.4361603207156821,0,0
2025-09-23T00:11:59Z,0.4359,0.436,0.4357,0.4358,130540.4,0.43614505184427405,0,0
2025-09-23T00:12:59Z,0.4359,0.4363,0.4357,0.4363,191973.1,0.43615414144982884,1,1
2025-09-23T00:13:59Z,0.4363,0.4368,0.4362,0.4366,367236.7,0.43619912682249673,1,0
2025-09-23T00:14:59Z,0.4366,0.4371,0.4365,0.4369,215998.3,0.43623838958160877,1,0
2025-09-23T00:15:59Z,0.437,0.438,0.437,0.4379,751929.8,0.4365095486523089,1,0
2025-09-23T00:16:59Z,0.4379,0.4383,0.4374,0.4375,467671.6,0.4366008144301789,1,0
2025-09-23T00:17:59Z,0.4374,0.4379,0.4369,0.4375,289260.3,0.4366492985821437,1,0
2025-09-23T00:18:59Z,0.4376,0.438,0.4374,0.4376,99592.7,0.4366666264308669,1,0
2025-09-23T00:19:59Z,0.4377,0.4379,0.4376,0.4378,79317.4,0.43668284287864184,1,0
2025-09-23T00:20:59Z,0.4379,0.4379,0.4372,0.4372,95350.7,0.436691587762754,1,0
2025-09-23T00:21:59Z,0.4373,0.4374,0.4369,0.437,416819.7,0.43671281610048596,1,0
2025-09-23T00:22:59Z,0.437,0.4373,0.4369,0.4372,190235.7,0.4367276545295818,1,0
2025-09-23T00:23:59Z,0.4372,0.4372,0.4367,0.4369,68064.8,0.43672951241239,1,0
2025-09-23T00:24:59Z,0.437,0.4373,0.4368,0.437,104320.8,0.43673390881309754,1,0
2025-09-23T00:25:59Z,0.437,0.4373,0.4369,0.4372,88418.5,0.4367402424193599,1,0
2025-09-23T00:26:59Z,0.4372,0.4375,0.4371,0.4374,185978.7,0.43675857592397344,1,0
2025-09-23T00:27:59Z,0.4375,0.4376,0.4374,0.4374,65203.5,0.4367647646811184,1,0
2025-09-23T00:28:59Z,0.4374,0.4374,0.437,0.4371,55013.4,0.4367674716572686,1,0
2025-09-23T00:29:59Z,0.4371,0.4373,0.437,0.4371,44195.1,0.43676961484797533,1,0
2025-09-23T00:30:59Z,0.4371,0.438,0.4371,0.4377,233921.3,0.436800306644516,1,0
2025-09-23T00:31:59Z,0.4377,0.4377,0.4369,0.437,105451.5,0.43680323278565436,1,0
2025-09-23T00:32:59Z,0.437,0.437,0.4364,0.4364,121665.9,0.4367965289605087,0,1
2025-09-23T00:33:59Z,0.4365,0.4368,0.4364,0.4366,140488.7,0.4367928272055205,0,0
2025-09-23T00:34:59Z,0.4366,0.4367,0.4362,0.4363,311608.5,0.43677306349643874,0,0
2025-09-23T00:35:59Z,0.4364,0.4364,0.4361,0.4361,126559.4,0.43676227655622535,0,0
2025-09-23T00:36:59Z,0.4361,0.4361,0.4356,0.4358,155824.4,0.43674365581726005,0,0
2025-09-23T00:37:59Z,0.4357,0.436,0.4356,0.4356,149067.1,0.4367228697312071,0,0
2025-09-23T00:38:59Z,0.4357,0.4358,0.4355,0.4355,37999.5,0.4367172301590039,0,0
2025-09-23T00:39:59Z,0.4356,0.4356,0.4352,0.4354,206570.1,0.4366850147495112,0,0
2025-09-23T00:40:59Z,0.4354,0.4354,0.4349,0.4354,299891.7,0.4366409537276859,0,0
2025-09-23T00:41:59Z,0.4353,0.4353,0.4345,0.4346,368179.0,0.43655850832532167,0,0
2025-09-23T00:42:59Z,0.4346,0.4347,0.4343,0.4343,153217.1,0.43652116928371626,0,0
2025-09-23T00:43:59Z,0.4344,0.4345,0.4342,0.4342,65748.6,0.4365048177934354,0,0
2025-09-23T00:44:59Z,0.4342,0.4343,0.434,0.4341,152872.5,0.43646606350381734,0,0
2025-09-23T00:45:59Z,0.4342,0.4342,0.4335,0.4339,474349.1,0.43634386027284744,0,0
2025-09-23T00:46:59Z,0.4339,0.4344,0.4337,0.4343,300491.2,0.4362840064297256,0,0
2025-09-23T00:47:59Z,0.4343,0.4347,0.4341,0.4345,243294.9,0.4362426863346944,0,0
2025-09-23T00:48:59Z,0.4346,0.4346,0.4337,0.4339,107421.0,0.43621897169504187,0,0
2025-09-23T00:49:59Z,0.4339,0.4342,0.4337,0.434,294504.3,0.4361590522224723,0,0
2025-09-23T00:50:59Z,0.4341,0.4342,0.434,0.434,57892.5,0.4361476520661199,0,0
2025-09-23T00:51:59Z,0.434,0.434,0.4337,0.4338,54233.0,0.436136096803496,0,0
2025-09-23T00:52:59Z,0.4338,0.4341,0.4337,0.4338,96466.5,0.4361158216528023,0,0
2025-09-23T00:53:59Z,0.4338,0.4338,0.4334,0.4334,159347.0,0.4360774368022575,0,0
2025-09-23T00:54:59Z,0.4335,0.4338,0.4332,0.4337,426054.5,0.4359908644408645,0,0
2025-09-23T00:55:59Z,0.4337,0.4337,0.4332,0.4332,126101.6,0.43596110609293615,0,0
2025-09-23T00:56:59Z,0.4332,0.4334,0.433,0.4333,175526.3,0.43592218765113017,0,0
2025-09-23T00:57:59Z,0.4333,0.4335,0.4332,0.4333,79113.8,0.43590501593558045,0,0
2025-09-23T00:58:59Z,0.4334,0.4335,0.4333,0.4334,74400.6,0.43588968325075944,0,0
2025-09-23T00:59:59Z,0.4334,0.4334,0.433,0.433,116967.1,0.4358621418418876,0,0
2025-09-23T01:00:59Z,0.4331,0.4334,0.433,0.4332,175937.5,0.435824516546237,0,0
2025-09-23T01:01:59Z,0.4332,0.4332,0.4325,0.4326,145092.3,0.435787365880746,0,0
2025-09-23T01:02:59Z,0.4326,0.4326,0.4322,0.4324,205611.0,0.43573294912420074,0,0
2025-09-23T01:03:59Z,0.4324,0.4325,0.4319,0.4321,384686.4,0.43562694335164137,0,0
2025-09-23T01:04:59Z,0.4321,0.4322,0.4317,0.4319,197452.8,0.43557194834903434,0,0
2025-09-23T01:05:59Z,0.4319,0.4321,0.4318,0.4319,275894.2,0.43549776900555753,0,0
2025-09-23T01:06:59Z,0.4319,0.4319,0.4313,0.4314,206097.6,0.43543684908899327,0,0
2025-09-23T01:07:59Z,0.4313,0.4314,0.4309,0.431,303399.3,0.43534182669858035,0,0
2025-09-23T01:08:59Z,0.4311,0.4311,0.4305,0.4306,316144.2,0.43523831669200447,0,0
2025-09-23T01:09:59Z,0.4307,0.431,0.4303,0.4303,781666.4,0.4349854320095815,0,0
2025-09-23T01:10:59Z,0.4304,0.4308,0.4299,0.4303,399558.6,0.43486591480438214,0,0
2025-09-23T01:11:59Z,0.4302,0.4303,0.4296,0.43,823554.3,0.4346228604910495,0,0
2025-09-23T01:12:59Z,0.43,0.43,0.4294,0.4299,466514.8,0.43449290358956577,0,0
2025-09-23T01:13:59Z,0.4298,0.43,0.4292,0.4295,501474.8,0.4343494631580795,0,0
2025-09-23T01:14:59Z,0.4295,0.4302,0.4295,0.43,628079.3,0.4341983969704519,0,0
2025-09-23T01:15:59Z,0.4299,0.4304,0.4296,0.4303,251357.8,0.4341449527791942,0,0
2025-09-23T01:16:59Z,0.4303,0.4308,0.4303,0.4308,456543.1,0.4340636861486003,0,0
2025-09-23T01:17:59Z,0.4307,0.4319,0.4307,0.4317,267247.8,0.4340305416475038,0,0
2025-09-23T01:18:59Z,0.4317,0.4329,0.4317,0.4325,459291.4,0.433994525344196,0,0
2025-09-23T01:19:59Z,0.4325,0.4326,0.4321,0.4323,236988.4,0.43397419712428237,0,0
2025-09-23T01:20:59Z,0.4322,0.4324,0.4321,0.4322,204800.7,0.433955992642471,0,0
2025-09-23T01:21:59Z,0.4322,0.4331,0.4322,0.4327,263203.5,0.4339396457847856,0,0
2025-09-23T01:22:59Z,0.4327,0.4332,0.4326,0.4327,190241.0,0.43392809288880635,0,0
2025-09-23T01:23:59Z,0.4328,0.4328,0.432,0.4323,257142.4,0.4339078391397664,0,0
2025-09-23T01:24:59Z,0.4323,0.4328,0.4323,0.4327,196811.1,0.43389644725200965,0,0
2025-09-23T01:25:59Z,0.4327,0.4332,0.4327,0.433,313767.5,0.4338831675578024,0,0
2025-09-23T01:26:59Z,0.433,0.433,0.4325,0.4328,160972.2,0.43387499771318205,0,0
2025-09-23T01:27:59Z,0.4327,0.4332,0.4325,0.4328,884714.3,0.4338322081735328,0,0
2025-09-23T01:28:59Z,0.4327,0.4331,0.4327,0.4328,162121.7,0.43382473372415337,0,0
2025-09-23T01:29:59Z,0.4328,0.4332,0.4327,0.4332,74612.1,0.43382265866699804,0,0
2025-09-23T01:30:59Z,0.4331,0.4331,0.4326,0.4326,336734.5,0.43380460120307013,0,0
2025-09-23T01:31:59Z,0.4326,0.4329,0.4325,0.4326,127457.4,0.4337979046515038,0,0
2025-09-23T01:32:59Z,0.4326,0.4326,0.4318,0.4319,153207.0,0.4337853065975002,0,0
2025-09-23T01:33:59Z,0.4319,0.432,0.4312,0.4314,360872.3,0.4337485859381477,0,0
2025-09-23T01:34:59Z,0.4313,0.4313,0.431,0.4311,94372.2,0.4337379659025882,0,0
2025-09-23T01:35:59Z,0.4311,0.4313,0.4303,0.4305,304699.0,0.4336965826342377,0,0
2025-09-23T01:36:59Z,0.4305,0.4309,0.4304,0.4308,187571.7,0.433673971039699,0,0
2025-09-23T01:37:59Z,0.4308,0.431,0.4305,0.4305,205958.5,0.43364699650679245,0,0
2025-09-23T01:38:59Z,0.4306,0.4306,0.43,0.4302,95008.1,0.4336335356270527,0,0
2025-09-23T01:39:59Z,0.4301,0.4303,0.4299,0.43,261332.6,0.433594920730505,0,0
2025-09-23T01:40:59Z,0.43,0.43,0.4295,0.43,305402.7,0.43355082124272043,0,0
2025-09-23T01:41:59Z,0.4299,0.43,0.4295,0.4296,233364.3,0.43351413179135695,0,0
2025-09-23T01:42:59Z,0.4296,0.4296,0.4288,0.4293,655908.5,0.4334069353076477,0,0
2025-09-23T01:43:59Z,0.4293,0.4298,0.4292,0.4298,235273.1,0.4333743219799765,0,0
2025-09-23T01:44:59Z,0.4297,0.4297,0.4295,0.4296,162003.4,0.43335096847718396,0,0
2025-09-23T01:45:59Z,0.4296,0.4301,0.4296,0.43,347729.4,0.43330704761935407,0,0
2025-09-23T01:46:59Z,0.4299,0.4304,0.4298,0.4302,860169.0,0.43320947377632496,0,0
2025-09-23T01:47:59Z,0.4302,0.4302,0.4298,0.4299,171069.1,0.4331889324614419,0,0
2025-09-23T01:48:59Z,0.4298,0.4305,0.4298,0.4304,214552.2,0.43316738971745317,0,0
2025-09-23T01:49:59Z,0.4304,0.4306,0.43,0.43,128996.1,0.43315274787018715,0,0
2025-09-23T01:50:59Z,0.43,0.43,0.4293,0.4294,243968.0,0.43312022269879913,0,0
2025-09-23T01:51:59Z,0.4293,0.4295,0.4291,0.4293,192810.9,0.43309423349492165,0,0
2025-09-23T01:52:59Z,0.4292,0.4293,0.4283,0.4283,457710.1,0.4330180388029503,0,0
2025-09-23T01:53:59Z,0.4282,0.4286,0.4278,0.4282,724408.4,0.43289982180950476,0,0
2025-09-23T01:54:59Z,0.4282,0.4285,0.428,0.4283,170619.7,0.432873392017679,0,0
2025-09-23T01:55:59Z,0.4283,0.4284,0.4276,0.4278,211765.1,0.4328374675608418,0,0
2025-09-23T01:56:59Z,0.4278,0.4279,0.4275,0.4276,391960.7,0.4327697117949833,0,0
2025-09-23T01:57:59Z,0.4276,0.4281,0.4274,0.4278,637035.9,0.4326673728557119,0,0
2025-09-23T01:58:59Z,0.4278,0.428,0.4273,0.4275,444343.1,0.43259420162320117,0,0
2025-09-23T01:59:59Z,0.4275,0.4276,0.4272,0.4273,133798.8,0.43257172365847474,0,0
2025-09-23T02:00:59Z,0.4273,0.4282,0.4273,0.428,348096.8,0.4325217762011191,0,0
2025-09-23T02:01:59Z,0.4281,0.4289,0.4281,0.4285,288293.2,0.4324857122156739,0,0
2025-09-23T02:02:59Z,0.4285,0.4286,0.4279,0.4283,240636.0,0.43245461561836174,0,0
2025-09-23T02:03:59Z,0.4282,0.4284,0.4276,0.4278,284556.8,0.43241407998238945,0,0
2025-09-23T02:04:59Z,0.4278,0.4278,0.4267,0.4271,512293.3,0.4323320496013346,0,0
2025-09-23T02:05:59Z,0.4271,0.4279,0.4271,0.4274,387629.2,0.4322751081275271,0,0
2025-09-23T02:06:59Z,0.4274,0.4279,0.4274,0.4278,334607.8,0.4322309492908687,0,0
2025-09-23T02:07:59Z,0.4279,0.4284,0.4278,0.428,354866.6,0.4321871305736276,0,0
2025-09-23T02:08:59Z,0.428,0.4284,0.4279,0.4282,342574.8,0.4321476619409254,0,0
2025-09-23T02:09:59Z,0.4281,0.4284,0.4279,0.4283,223027.0,0.43212302421038357,0,0
2025-09-23T02:10:59Z,0.4283,0.4292,0.4283,0.4287,376494.3,0.4320864187880853,0,0
2025-09-23T02:11:59Z,0.4288,0.4297,0.4288,0.4294,266523.4,0.4320662346246544,0,0
2025-09-23T02:12:59Z,0.4295,0.4298,0.4287,0.4287,189408.0,0.4320483561011111,0,0
2025-09-23T02:13:59Z,0.4288,0.4289,0.4284,0.4288,244284.4,0.43202625654340887,0,0
2025-09-23T02:14:59Z,0.4287,0.4287,0.428,0.4283,90390.3,0.4320168997532203,0,0
2025-09-23T02:15:59Z,0.4283,0.4285,0.4277,0.4278,228987.9,0.4319902444147298,0,0
2025-09-23T02:16:59Z,0.4279,0.428,0.4276,0.4277,157235.2,0.4319717035802447,0,0
2025-09-23T02:17:59Z,0.4277,0.4283,0.4274,0.4275,184860.7,0.43194909808435683,0,0
2025-09-23T02:18:59Z,0.4274,0.4278,0.4274,0.4276,276033.9,0.4319165150058861,0,0
2025-09-23T02:19:59Z,0.4276,0.4278,0.4274,0.4277,113704.9,0.4319035424631521,0,0
2025-09-23T02:20:59Z,0.4278,0.4283,0.4276,0.4278,342581.0,0.43186585409430506,0,0
2025-09-23T02:21:59Z,0.4278,0.4278,0.4273,0.4278,224270.2,0.43184155415939157,0,0
2025-09-23T02:22:59Z,0.4278,0.4279,0.4273,0.4274,166885.6,0.4318218885049886,0,0
2025-09-23T02:23:59Z,0.4274,0.4278,0.4273,0.4275,229453.4,0.4317957375942664,0,0
2025-09-23T02:24:59Z,0.4275,0.4275,0.4268,0.4268,208847.2,0.43176837471703094,0,0
2025-09-23T02:25:59Z,0.4269,0.4272,0.4268,0.4269,212005.3,0.4317414558867966,0,0
2025-09-23T02:26:59Z,0.427,0.4272,0.4268,0.427,112590.6,0.4317275734442415,0,0
2025-09-23T02:27:59Z,0.4269,0.427,0.4257,0.4258,858434.2,0.43159813963900917,0,0
2025-09-23T02:28:59Z,0.4259,0.4264,0.4259,0.4261,450302.7,0.4315358755242068,0,0
2025-09-23T02:29:59Z,0.426,0.4263,0.4258,0.4261,290816.8,0.4314964078298154,0,0
2025-09-23T02:30:59Z,0.4261,0.4265,0.4259,0.4262,252249.4,0.4314632613176257,0,0
2025-09-23T02:31:59Z,0.4263,0.4266,0.4263,0.4266,266397.2,0.43143132957673824,0,0
2025-09-23T02:32:59Z,0.4265,0.4265,0.4251,0.4254,487692.9,0.4313596928644021,0,0
2025-09-23T02:33:59Z,0.4254,0.4256,0.425,0.4253,452884.5,0.4312935854289563,0,0
2025-09-23T02:34:59Z,0.4253,0.4254,0.4247,0.4253,894945.2,0.4311671023732686,0,0
2025-09-23T02:35:59Z,0.4254,0.4263,0.4254,0.4263,396723.7,0.4311219932949026,0,0
2025-09-23T02:36:59Z,0.4263,0.4265,0.4259,0.4263,306089.5,0.4310877570704145,0,0
2025-09-23T02:37:59Z,0.4262,0.4263,0.4259,0.426,158773.2,0.43106908820703055,0,0
2025-09-23T02:38:59Z,0.4259,0.426,0.4256,0.4258,395915.1,0.43102131370530156,0,0
2025-09-23T02:39:59Z,0.4257,0.4267,0.4244,0.4264,5031674.4,0.43054381566905686,0,0
2025-09-23T02:40:59Z,0.4264,0.4265,0.4253,0.4253,2618152.8,0.43027627315143174,0,0
2025-09-23T02:41:59Z,0.4252,0.4257,0.4252,0.4256,428786.4,0.43023752263913695,0,0
2025-09-23T02:42:59Z,0.4255,0.4259,0.4254,0.4255,265152.4,0.4302133700510183,0,0
2025-09-23T02:43:59Z,0.4256,0.4257,0.425,0.425,406349.3,0.4301729539012105,0,0
2025-09-23T02:44:59Z,0.425,0.4253,0.4249,0.4251,232899.1,0.4301505130061906,0,0
2025-09-23T02:45:59Z,0.425,0.4255,0.4247,0.4248,319321.4,0.4301182571329376,0,0
2025-09-23T02:46:59Z,0.4247,0.4248,0.4242,0.4246,526444.1,0.43006395155276167,0,0
2025-09-23T02:47:59Z,0.4245,0.425,0.4245,0.425,259541.0,0.43003950127513574,0,0
2025-09-23T02:48:59Z,0.4249,0.4251,0.4245,0.4246,853004.4,0.4299545321626556,0,0
2025-09-23T02:49:59Z,0.4246,0.4246,0.4241,0.4245,337234.6,0.4299210536190372,0,0
2025-09-23T02:50:59Z,0.4246,0.4252,0.4242,0.4249,2046119.8,0.429740783541714,0,0
2025-09-23T02:51:59Z,0.4248,0.4263,0.4247,0.4257,2696550.5,0.42955822833984136,0,0
2025-09-23T02:52:59Z,0.4256,0.4257,0.4248,0.4249,424786.5,0.42952531047450676,0,0
2025-09-23T02:53:59Z,0.4249,0.4249,0.4234,0.4239,5223708.7,0.42907555537619413,0,0
2025-09-23T02:54:59Z,0.4239,0.424,0.4229,0.4233,2198815.9,0.4288875120230692,0,0
2025-09-23T02:55:59Z,0.4232,0.4241,0.4227,0.4239,705810.6,0.4288359259842211,0,0
2025-09-23T02:56:59Z,0.4238,0.4247,0.4237,0.4246,417179.2,0.42881018743130245,0,0
2025-09-23T02:57:59Z,0.4246,0.4246,0.424,0.4244,439093.9,0.42878216157399535,0,0
2025-09-23T02:58:59Z,0.4244,0.4244,0.4235,0.424,846132.0,0.42872430923892063,0,0
2025-09-23T02:59:59Z,0.4239,0.4241,0.4231,0.4233,613820.5,0.4286771192813679,0,0
2025-09-23T03:00:59Z,0.4232,0.4241,0.4226,0.4232,2311611.5,0.42850336708904974,0,0
2025-09-23T03:01:59Z,0.4233,0.4236,0.4225,0.4227,1197875.8,0.4284095085550178,0,0
2025-09-23T03:02:59Z,0.4226,0.4226,0.4217,0.4226,958366.4,0.4283352973554639,0,0
2025-09-23T03:03:59Z,0.4225,0.4228,0.4214,0.4218,1361518.3,0.42821881060733313,0,0
2025-09-23T03:04:59Z,0.4219,0.4221,0.4214,0.4214,604099.8,0.4281653068994398,0,0
2025-09-23T03:05:59Z,0.4215,0.422,0.4214,0.422,638733.4,0.4281145783202256,0,0
2025-09-23T03:06:59Z,0.422,0.422,0.4214,0.4219,465718.2,0.4280775174541685,0,0
2025-09-23T03:07:59Z,0.4219,0.4222,0.4217,0.4221,338391.4,0.42805172794500834,0,0
2025-09-23T03:08:59Z,0.4222,0.4225,0.4217,0.422,591954.8,0.42800639589004746,0,0
2025-09-23T03:09:59Z,0.422,0.4229,0.4218,0.4228,846738.9,0.42795120142752197,0,0
2025-09-23T03:10:59Z,0.4227,0.4233,0.4225,0.4228,1182236.8,0.4278760667194156,0,0
2025-09-23T03:11:59Z,0.4227,0.4231,0.4224,0.4227,489504.7,0.42784499470600335,0,0
2025-09-23T03:12:59Z,0.4227,0.4241,0.4227,0.4237,894450.6,0.4278000213658642,0,0
2025-09-23T03:13:59Z,0.4237,0.4244,0.4236,0.4243,296819.0,0.42778746464284745,0,0
2025-09-23T03:14:59Z,0.4244,0.4256,0.4243,0.4255,333035.2,0.42777829370458276,0,0
2025-09-23T03:15:59Z,0.4254,0.4272,0.4253,0.4263,1029031.2,0.42776020482929195,0,0
2025-09-23T03:16:59Z,0.4263,0.428,0.426,0.4276,1453872.9,0.4277574822511703,0,0
2025-09-23T03:17:59Z,0.4276,0.4282,0.427,0.4282,1208371.9,0.4277636456214656,1,1
2025-09-23T03:18:59Z,0.4281,0.4297,0.4278,0.4289,1597573.0,0.42778419208580026,1,0
2025-09-23T03:19:59Z,0.4287,0.4294,0.4284,0.429,934486.3,0.42779691631180067,1,0
2025-09-23T03:20:59Z,0.4291,0.4296,0.4286,0.4292,784414.5,0.4278091349854557,1,0
2025-09-23T03:21:59Z,0.4292,0.4299,0.4289,0.4295,627483.0,0.4278208324269007,1,0
2025-09-23T03:22:59Z,0.4294,0.4305,0.4291,0.4302,819400.0,0.42784213319213327,1,0
2025-09-23T03:23:59Z,0.4301,0.4301,0.4293,0.4296,764504.1,0.4278566954027637,1,0
2025-09-23T03:24:59Z,0.4296,0.43,0.4294,0.4295,410735.2,0.42786397676963156,1,0
2025-09-23T03:25:59Z,0.4295,0.4308,0.4294,0.4304,793040.3,0.4278854888171471,1,0
2025-09-23T03:26:59Z,0.4304,0.4313,0.4304,0.4308,767764.7,0.42790922851385876,1,0
2025-09-23T03:27:59Z,0.4308,0.4319,0.4308,0.4318,699074.7,0.4279378723714777,1,0
2025-09-23T03:28:59Z,0.4318,0.432,0.4316,0.4319,866291.7,0.42797369197038193,1,0
2025-09-23T03:29:59Z,0.4318,0.432,0.4316,0.4317,667466.5,0.4279994683371142,1,0
2025-09-23T03:30:59Z,0.4317,0.4334,0.4317,0.4332,1374173.9,0.4280724916526915,1,0
2025-09-23T03:31:59Z,0.4332,0.4334,0.4322,0.4327,830952.8,0.42811145208205487,1,0
2025-09-23T03:32:59Z,0.4328,0.4333,0.4326,0.4328,446158.7,0.42813255143199186,1,0
2025-09-23T03:33:59Z,0.4328,0.4339,0.4326,0.4338,1259032.0,0.42820362125226574,1,0
2025-09-23T03:34:59Z,0.4338,0.4348,0.4337,0.4338,828408.0,0.42824941894452057,1,0
2025-09-23T03:35:59Z,0.4339,0.4339,0.4329,0.433,842322.2,0.4282886218649067,1,0
2025-09-23T03:36:59Z,0.433,0.4339,0.433,0.4335,295325.4,0.42830365647246155,1,0
2025-09-23T03:37:59Z,0.4335,0.4336,0.433,0.4331,737843.6,0.4283379801823018,1,0
2025-09-23T03:38:59Z,0.4331,0.434,0.4331,0.4335,356208.1,0.4283557525491179,1,0
2025-09-23T03:39:59Z,0.4335,0.4337,0.4332,0.4332,479676.2,0.4283781082062871,1,0
2025-09-23T03:40:59Z,0.4332,0.4338,0.4331,0.4338,280474.5,0.42839269926675894,1,0
2025-09-23T03:41:59Z,0.4339,0.4341,0.4335,0.4335,280221.4,0.4284063944937149,1,0
2025-09-23T03:42:59Z,0.4334,0.4342,0.4334,0.4337,187862.8,0.4284158937332268,1,0
2025-09-23T03:43:59Z,0.4337,0.4338,0.4333,0.4334,324604.0,0.42843129984803197,1,0
2025-09-23T03:44:59Z,0.4334,0.4336,0.4329,0.433,627816.9,0.4284584510444433,1,0
2025-09-23T03:45:59Z,0.433,0.4334,0.4326,0.4327,251308.8,0.4284685171988971,1,0
2025-09-23T03:46:59Z,0.4328,0.4332,0.4327,0.433,327015.9,0.4284824680758746,1,0
2025-09-23T03:47:59Z,0.433,0.4335,0.433,0.4335,274648.5,0.42849540819265947,1,0
2025-09-23T03:48:59Z,0.4334,0.4335,0.4329,0.4332,155539.7,0.42850226939433933,1,0
2025-09-23T03:49:59Z,0.4332,0.4333,0.4329,0.433,343372.3,0.4285167038253104,1,0
2025-09-23T03:50:59Z,0.433,0.433,0.4326,0.4329,175660.6,0.42852388844389344,1,0
2025-09-23T03:51:59Z,0.4329,0.4332,0.4328,0.4331,217013.6,0.42853313614012756,1,0
2025-09-23T03:52:59Z,0.4331,0.4332,0.4327,0.4327,165434.2,0.42853954552087375,1,0
2025-09-23T03:53:59Z,0.4328,0.4333,0.4326,0.4327,503884.0,0.42855894646556836,1,0
2025-09-23T03:54:59Z,0.4327,0.4327,0.4322,0.4324,389969.7,0.42857275883635143,1,0
2025-09-23T03:55:59Z,0.4323,0.4325,0.4321,0.4323,369353.1,0.42858541026603936,1,0
2025-09-23T03:56:59Z,0.4322,0.4322,0.4315,0.4315,829292.4,0.4286074546630536,1,0
2025-09-23T03:57:59Z,0.4315,0.432,0.4315,0.4318,630422.4,0.42862570588338217,1,0
2025-09-23T03:58:59Z,0.4318,0.4318,0.4312,0.4312,276885.3,0.4286321533956136,1,0
2025-09-23T03:59:59Z,0.4313,0.4318,0.4313,0.4317,159832.3,0.42863658238730057,1,0
2025-09-23T04:00:59Z,0.4316,0.4322,0.4316,0.432,254384.1,0.4286442928544445,1,0
2025-09-23T04:01:59Z,0.432,0.4328,0.4319,0.4327,453342.4,0.4286607946880022,1,0
2025-09-23T04:02:59Z,0.4327,0.4332,0.4325,0.4331,223327.1,0.42866967475641693,1,0
2025-09-23T04:03:59Z,0.433,0.4335,0.4326,0.4327,749364.0,0.42869654658734113,1,0
2025-09-23T04:04:59Z,0.4327,0.4329,0.4324,0.4328,227474.9,0.42870483495924794,1,0
2025-09-23T04:05:59Z,0.4329,0.4331,0.4325,0.4327,217537.3,0.42871253719166347,1,0
2025-09-23T04:06:59Z,0.4326,0.4328,0.432,0.4321,502477.1,0.4287275550947711,1,0
2025-09-23T04:07:59Z,0.4321,0.4321,0.4317,0.4318,165325.6,0.42873203026610207,1,0
2025-09-23T04:08:59Z,0.4318,0.432,0.4315,0.4318,254302.7,0.42873888855172904,1,0
2025-09-23T04:09:59Z,0.4318,0.4319,0.4308,0.431,528931.3,0.428749353092149,1,0
2025-09-23T04:10:59Z,0.4311,0.4312,0.4302,0.4302,600153.7,0.4287569309859179,1,0
2025-09-23T04:11:59Z,0.4303,0.4309,0.4302,0.4305,157115.3,0.42875931146218965,1,0
2025-09-23T04:12:59Z,0.4305,0.4308,0.4305,0.4307,419489.5,0.42876636207790514,1,0
2025-09-23T04:13:59Z,0.4307,0.4307,0.43,0.4301,393277.0,0.42877088907156663,1,0
2025-09-23T04:14:59Z,0.4301,0.4304,0.43,0.4301,453986.6,0.4287760768237405,1,0
2025-09-23T04:15:59Z,0.4301,0.4302,0.4295,0.4296,503410.2,0.4287796274754658,1,0
2025-09-23T04:16:59Z,0.4297,0.43,0.4295,0.4298,138570.2,0.4287808364386527,1,0
2025-09-23T04:17:59Z,0.4298,0.4298,0.4291,0.4294,222014.9,0.42878200957460816,1,0
2025-09-23T04:18:59Z,0.4294,0.4298,0.4293,0.4297,226026.1,0.42878377691683733,1,0
2025-09-23T04:19:59Z,0.4297,0.43,0.4297,0.4299,188430.0,0.4287855655796463,1,0
2025-09-23T04:20:59Z,0.4298,0.4299,0.4289,0.429,269263.4,0.42878605547793897,1,0
2025-09-23T04:21:59Z,0.429,0.4291,0.4285,0.4287,291089.3,0.42878584346245946,0,1
2025-09-23T04:22:59Z,0.4286,0.4287,0.4282,0.4284,296018.7,0.4287848791753345,0,0
2025-09-23T04:23:59Z,0.4284,0.4286,0.428,0.4286,257968.4,0.4287844773977081,0,0
2025-09-23T04:24:59Z,0.4286,0.4288,0.4285,0.4286,164722.7,0.4287842217595841,0,0
2025-09-23T04:25:59Z,0.4286,0.4292,0.4286,0.4288,662608.1,0.42878430922375343,1,1
2025-09-23T04:26:59Z,0.4288,0.4288,0.4281,0.4283,212116.1,0.42878345131471163,0,1
2025-09-23T04:27:59Z,0.4282,0.4283,0.4278,0.4281,190357.4,0.42878236655793994,0,0
2025-09-23T04:28:59Z,0.4282,0.4283,0.4278,0.428,153253.6,0.42878136811926576,0,0
2025-09-23T04:29:59Z,0.4279,0.4282,0.4279,0.4282,128538.0,0.42878074650842907,0,0
2025-09-23T04:30:59Z,0.4282,0.4285,0.4279,0.4279,523478.1,0.4287769279603659,0,0
2025-09-23T04:31:59Z,0.4278,0.4281,0.4276,0.428,181358.0,0.4287757627229042,0,0
2025-09-23T04:32:59Z,0.428,0.4281,0.4268,0.427,258562.5,0.42877197376486875,0,0
2025-09-23T04:33:59Z,0.427,0.4272,0.4266,0.4271,556354.0,0.42876433258096963,0,0
2025-09-23T04:34:59Z,0.4271,0.4273,0.4267,0.4272,90806.5,0.4287631665712403,0,0
2025-09-23T04:35:59Z,0.4273,0.4274,0.4271,0.4273,223605.4,0.42876048594776256,0,0
2025-09-23T04:36:59Z,0.4273,0.4279,0.4267,0.4278,174367.1,0.4287591157119649,0,0
2025-09-23T04:37:59Z,0.4278,0.4285,0.4277,0.4285,483850.6,0.4287580939989162,0,0
2025-09-23T04:38:59Z,0.4285,0.4285,0.4273,0.4274,168082.4,0.4287562362735792,0,0
2025-09-23T04:39:59Z,0.4274,0.4285,0.4273,0.4284,351923.8,0.428755218914758,0,0
2025-09-23T04:40:59Z,0.4284,0.429,0.4284,0.4287,341296.9,0.4287550664019134,0,0
2025-09-23T04:41:59Z,0.4286,0.4289,0.4281,0.4288,680144.9,0.42875531236786885,1,1
2025-09-23T04:42:59Z,0.4287,0.4288,0.428,0.428,203507.3,0.42875407727900683,0,1
2025-09-23T04:43:59Z,0.428,0.4283,0.4279,0.4281,84866.8,0.4287536315586636,0,0
2025-09-23T04:44:59Z,0.428,0.4285,0.428,0.4283,117258.9,0.4287532048456118,0,0
2025-09-23T04:45:59Z,0.4283,0.4283,0.4278,0.4279,149917.0,0.42875217997495674,0,0
2025-09-23T04:46:59Z,0.4278,0.4278,0.4273,0.4274,38442.4,0.4287517636081444,0,0
2025-09-23T04:47:59Z,0.4274,0.4275,0.4271,0.4272,223792.3,0.42874898693980645,0,0
2025-09-23T04:48:59Z,0.4272,0.4276,0.4267,0.4275,227835.0,0.4287467158138793,0,0
2025-09-23T04:49:59Z,0.4275,0.428,0.4271,0.428,72899.0,0.42874628161650646,0,0
2025-09-23T04:50:59Z,0.4279,0.4287,0.4279,0.4286,126800.0,0.42874613381452853,0,0
2025-09-23T04:51:59Z,0.4286,0.4286,0.4281,0.4283,159804.4,0.428745566436592,0,0
2025-09-23T04:52:59Z,0.4283,0.4287,0.4282,0.4285,98613.7,0.4287453738685862,0,0
2025-09-23T04:53:59Z,0.4285,0.4286,0.4279,0.4281,221016.6,0.4287442415946107,0,0
2025-09-23T04:54:59Z,0.4281,0.4281,0.4277,0.4278,28950.7,0.4287440246456087,0,0
2025-09-23T04:55:59Z,0.4277,0.4279,0.4274,0.4277,168146.0,0.428742633304574,0,0
2025-09-23T04:56:59Z,0.4276,0.4276,0.4272,0.4274,218810.4,0.4287403089136632,0,0
2025-09-23T04:57:59Z,0.4273,0.4276,0.4273,0.4274,56408.4,0.42873971099969804,0,0
2025-09-23T04:58:59Z,0.4274,0.4277,0.4274,0.4275,184731.1,0.42873790250820953,0,0
2025-09-23T04:59:59Z,0.4276,0.4278,0.4275,0.4277,222951.3,0.42873607836633587,0,0
2025-09-23T05:00:59Z,0.4276,0.4279,0.4271,0.4272,321806.0,0.42873219150337344,0,0
2025-09-23T05:01:59Z,0.4272,0.4278,0.4272,0.4276,186969.9,0.4287305294487429,0,0
2025-09-23T05:02:59Z,0.4275,0.4276,0.4271,0.4272,106234.7,0.4287292538922497,0,0
2025-09-23T05:03:59Z,0.4272,0.4276,0.4269,0.4269,187824.2,0.4287265624956729,0,0
2025-09-23T05:04:59Z,0.4269,0.427,0.4262,0.4263,154253.7,0.4287236339313031,0,0
2025-09-23T05:05:59Z,0.4263,0.4265,0.4257,0.426,435749.9,0.42871437980091626,0,0
2025-09-23T05:06:59Z,0.426,0.4263,0.4257,0.4261,218998.5,0.42870992304935646,0,0
2025-09-23T05:07:59Z,0.4261,0.4261,0.4253,0.4253,259124.0,0.42870305891599775,0,0
2025-09-23T05:08:59Z,0.4253,0.4254,0.425,0.4253,235111.2,0.42869685474457275,0,0
2025-09-23T05:09:59Z,0.4252,0.4259,0.425,0.4258,658186.3,0.4286821449819325,0,0
2025-09-23T05:10:59Z,0.4257,0.4261,0.4257,0.426,271597.0,0.428676536720092,0,0
2025-09-23T05:11:59Z,0.426,0.4263,0.4256,0.426,514461.5,0.4286659775343667,0,0
2025-09-23T05:12:59Z,0.4259,0.4271,0.4259,0.4269,482869.8,0.4286594625345034,0,0
2025-09-23T05:13:59Z,0.4268,0.4276,0.4267,0.4273,612907.9,0.428653126278151,0,0
2025-09-23T05:14:59Z,0.4273,0.4274,0.4269,0.4273,281025.4,0.4286502407384179,0,0
2025-09-23T05:15:59Z,0.4273,0.4277,0.4267,0.4268,332055.7,0.42864559034809907,0,0
2025-09-23T05:16:59Z,0.4268,0.4268,0.4258,0.4258,158143.2,0.4286421881971309,0,0
2025-09-23T05:17:59Z,0.4258,0.426,0.4254,0.4255,271125.6,0.42863576066710474,0,0
2025-09-23T05:18:59Z,0.4255,0.4256,0.425,0.4252,237326.6,0.42862961974225067,0,0
2025-09-23T05:19:59Z,0.4253,0.4253,0.4246,0.4249,500318.3,0.4286156192901802,0,0
2025-09-23T05:20:59Z,0.425,0.4257,0.4249,0.4256,235705.2,0.42861029564098874,0,0
2025-09-23T05:21:59Z,0.4255,0.4259,0.4254,0.4256,224420.5,0.42860524430726654,0,0
2025-09-23T05:22:59Z,0.4256,0.4256,0.4252,0.4254,135854.6,0.42860199172013874,0,0
2025-09-23T05:23:59Z,0.4253,0.4257,0.4253,0.4257,201891.8,0.4285976219975837,0,0
2025-09-23T05:24:59Z,0.4257,0.4257,0.4255,0.4257,220727.2,0.42859285963748883,0,0
2025-09-23T05:25:59Z,0.4257,0.4261,0.4256,0.4261,167630.9,0.4285897519681177,0,0
2025-09-23T05:26:59Z,0.4261,0.4271,0.426,0.4263,802498.3,0.4285761678543067,0,0
2025-09-23T05:27:59Z,0.4263,0.4268,0.426,0.4268,227864.4,0.4285731809020987,0,0
2025-09-23T05:28:59Z,0.4267,0.4269,0.4264,0.4269,204257.5,0.4285706624452669,0,0
2025-09-23T05:29:59Z,0.4268,0.4269,0.4264,0.4269,117415.0,0.428569218168963,0,0
2025-09-23T05:30:59Z,0.4269,0.4274,0.4268,0.4271,307233.6,0.42856590219053387,0,0
2025-09-23T05:31:59Z,0.4272,0.4278,0.4271,0.4278,296442.7,0.42856423791191056,0,0
2025-09-23T05:32:59Z,0.4278,0.4287,0.4276,0.4287,477488.6,0.42856471142945907,1,1
2025-09-23T05:33:59Z,0.4286,0.4293,0.4286,0.4289,863831.7,0.4285668138069387,1,0
2025-09-23T05:34:59Z,0.429,0.4302,0.429,0.4301,534727.4,0.4285727418003612,1,0
2025-09-23T05:35:59Z,0.4302,0.4302,0.4287,0.4288,687839.3,0.42857386648894474,1,0
2025-09-23T05:36:59Z,0.4287,0.4296,0.4287,0.4292,364033.5,0.42857550216774737,1,0
2025-09-23T05:37:59Z,0.4292,0.4297,0.4289,0.4292,779196.6,0.42857897469825246,1,0
2025-09-23T05:38:59Z,0.4292,0.4294,0.4288,0.4289,210461.6,0.42857945612303033,1,0
2025-09-23T05:39:59Z,0.4289,0.4289,0.4278,0.428,407693.9,0.42857777766197586,0,1
2025-09-23T05:40:59Z,0.4279,0.4284,0.4276,0.4281,516130.9,0.4285760320306164,0,0
2025-09-23T05:41:59Z,0.4282,0.4288,0.4282,0.4283,594929.7,0.4285748744085621,0,0
2025-09-23T05:42:59Z,0.4283,0.4284,0.428,0.4281,151570.7,0.42857436756736694,0,0
2025-09-23T05:43:59Z,0.428,0.4281,0.4276,0.4279,293378.5,0.42857297727362925,0,0
2025-09-23T05:44:59Z,0.4279,0.4284,0.4278,0.4282,276380.8,0.4285722542887956,0,0
2025-09-23T05:45:59Z,0.4282,0.4283,0.4279,0.4282,421289.3,0.4285711576142816,0,0
2025-09-23T05:46:59Z,0.4282,0.4283,0.4277,0.4282,231095.9,0.42857055877957917,0,0
2025-09-23T05:47:59Z,0.4282,0.4284,0.4277,0.4278,338160.4,0.4285687438459601,0,0
2025-09-23T05:48:59Z,0.4278,0.4282,0.4274,0.4274,640909.0,0.42856354970734617,0,0
2025-09-23T05:49:59Z,0.4274,0.4277,0.4273,0.4274,468089.8,0.4285597852309393,0,0
2025-09-23T05:50:59Z,0.4273,0.4279,0.4269,0.427,288084.4,0.4285566855920005,0,0
2025-09-23T05:51:59Z,0.4269,0.4269,0.4265,0.4268,275427.5,0.42855335437010084,0,0
2025-09-23T05:52:59Z,0.4267,0.4267,0.4263,0.4266,172301.8,0.4285510398647925,0,0
2025-09-23T05:53:59Z,0.4267,0.427,0.4265,0.4267,309089.0,0.4285471137362383,0,0
2025-09-23T05:54:59Z,0.4266,0.4268,0.4265,0.4268,233755.9,0.4285443157030208,0,0
2025-09-23T05:55:59Z,0.4267,0.427,0.4267,0.427,74681.5,0.4285435259413152,0,0
2025-09-23T05:56:59Z,0.4269,0.4269,0.4266,0.4269,197385.5,0.42854130747853775,0,0
2025-09-23T05:57:59Z,0.4268,0.427,0.4267,0.4268,146108.3,0.4285395693696652,0,0
2025-09-23T05:58:59Z,0.4267,0.4269,0.4266,0.4269,75285.4,0.42853872653212466,0,0
2025-09-23T05:59:59Z,0.4268,0.4271,0.4266,0.4268,172184.6,0.42853668470674106,0,0
2025-09-23T06:00:59Z,0.4268,0.4271,0.4267,0.4271,288496.0,0.42853386346301875,0,0
2025-09-23T06:01:59Z,0.4271,0.4279,0.427,0.4277,170297.2,0.42853289799328437,0,0
2025-09-23T06:02:59Z,0.4276,0.4277,0.4268,0.4277,189020.3,0.4285318289908061,0,0
2025-09-23T06:03:59Z,0.4277,0.4278,0.4271,0.4273,222346.9,0.42852997202135407,0,0
2025-09-23T06:04:59Z,0.4273,0.4275,0.4272,0.4274,228729.8,0.42852822241344507,0,0
2025-09-23T06:05:59Z,0.4273,0.4276,0.4271,0.4274,111991.3,0.4285273677400563,0,0
2025-09-23T06:06:59Z,0.4273,0.4284,0.4271,0.4284,166845.6,0.4285272241562342,0,0
2025-09-23T06:07:59Z,0.4284,0.4298,0.4284,0.4295,1101883.5,0.42853441298937955,1,1
2025-09-23T06:08:59Z,0.4294,0.4297,0.4291,0.4294,237310.9,0.42853578844853885,1,0
2025-09-23T06:09:59Z,0.4294,0.4297,0.4291,0.4296,179397.4,0.42853706530479957,1,0
2025-09-23T06:10:59Z,0.4296,0.4299,0.4293,0.4299,483950.8,0.42854146244948627,1,0
2025-09-23T06:11:59Z,0.4298,0.4304,0.4296,0.4299,528614.6,0.4285462330993399,1,0
2025-09-23T06:12:59Z,0.4299,0.4301,0.429,0.4291,245358.4,0.42854713422918767,1,0
2025-09-23T06:13:59Z,0.4291,0.4299,0.4291,0.4297,392309.3,0.42855012606862036,1,0
2025-09-23T06:14:59Z,0.4297,0.43,0.4296,0.4299,194609.5,0.42855186158794323,1,0
2025-09-23T06:15:59Z,0.4299,0.4302,0.4297,0.4298,97645.7,0.42855266623977883,1,0
2025-09-23T06:16:59Z,0.4298,0.4298,0.4292,0.4295,68214.6,0.42855309269843733,1,0
2025-09-23T06:17:59Z,0.4295,0.4303,0.4294,0.4303,235495.8,0.42855580335937105,1,0
2025-09-23T06:18:59Z,0.4302,0.4309,0.4302,0.4307,102218.7,0.42855724655341,1,0
2025-09-23T06:19:59Z,0.4308,0.431,0.4305,0.4309,199518.0,0.4285603203013534,1,0
2025-09-23T06:20:59Z,0.4309,0.4318,0.4309,0.4309,968339.3,0.4285751245656412,1,0
2025-09-23T06:21:59Z,0.4309,0.431,0.4303,0.4305,318259.2,0.4285791192662177,1,0
2025-09-23T06:22:59Z,0.4305,0.431,0.4303,0.4309,105875.6,0.42858072048108115,1,0
2025-09-23T06:23:59Z,0.4308,0.4308,0.4305,0.4308,183085.7,0.42858336501725974,1,0
2025-09-23T06:24:59Z,0.4307,0.4309,0.4304,0.4308,277712.2,0.42858736435375605,1,0
2025-09-23T06:25:59Z,0.4308,0.4311,0.4307,0.4308,162710.8,0.42858970085620374,1,0
2025-09-23T06:26:59Z,0.4309,0.4312,0.4307,0.4309,94601.8,0.42859111841478403,1,0
2025-09-23T06:27:59Z,0.4309,0.4313,0.4304,0.4307,174835.8,0.4285935071265971,1,0
2025-09-23T06:28:59Z,0.4307,0.4317,0.4307,0.4313,966167.0,0.42861034279373744,1,0
2025-09-23T06:29:59Z,0.4314,0.4316,0.4311,0.4315,123593.9,0.4286126403658977,1,0
2025-09-23T06:30:59Z,0.4314,0.4317,0.4312,0.4317,271633.4,0.4286180260135335,1,0
2025-09-23T06:31:59Z,0.4317,0.4328,0.4317,0.4324,598263.7,0.42863250083984095,1,0
2025-09-23T06:32:59Z,0.4324,0.4331,0.4323,0.4328,478058.0,0.4286452075199973,1,0
2025-09-23T06:33:59Z,0.4328,0.433,0.4324,0.4329,240705.8,0.42865172942864316,1,0
2025-09-23T06:34:59Z,0.4329,0.4336,0.4327,0.4336,474658.2,0.42866664134472415,1,0
2025-09-23T06:35:59Z,0.4336,0.4344,0.4336,0.4343,730771.4,0.4286926571740902,1,0
2025-09-23T06:36:59Z,0.4344,0.4346,0.4331,0.4335,1487762.5,0.4287374350256981,1,0
2025-09-23T06:37:59Z,0.4336,0.4343,0.4334,0.4337,628685.4,0.42875689122886906,1,0
2025-09-23T06:38:59Z,0.4338,0.4341,0.4335,0.4338,330427.5,0.42876726171328483,1,0
2025-09-23T06:39:59Z,0.4338,0.4348,0.4337,0.4343,458555.2,0.42878300584339335,1,0
2025-09-23T06:40:59Z,0.4342,0.4347,0.4333,0.4336,269286.8,0.4287910420845703,1,0
2025-09-23T06:41:59Z,0.4336,0.4339,0.4329,0.4329,385340.9,0.42880082803523956,1,0
2025-09-23T06:42:59Z,0.433,0.4337,0.4328,0.4334,409571.8,0.4288124408619159,1,0
2025-09-23T06:43:59Z,0.4335,0.4341,0.4332,0.4341,394563.0,0.42882527139572163,1,0
2025-09-23T06:44:59Z,0.434,0.4345,0.4338,0.4341,267652.7,0.4288339396290489,1,0
2025-09-23T06:45:59Z,0.4341,0.4344,0.4336,0.4341,241346.7,0.42884173152180693,1,0
2025-09-23T06:46:59Z,0.4341,0.4342,0.4334,0.4337,83185.7,0.42884420794306766,1,0
2025-09-23T06:47:59Z,0.4336,0.4347,0.4336,0.4345,608520.3,0.42886521893010515,1,0
2025-09-23T06:48:59Z,0.4346,0.4353,0.4346,0.4352,589250.1,0.4288879254061128,1,0
2025-09-23T06:49:59Z,0.4352,0.4357,0.435,0.4353,517600.0,0.42890805087651024,1,0
2025-09-23T06:50:59Z,0.4352,0.4355,0.4341,0.4342,789470.8,0.42893326424130823,1,0
2025-09-23T06:51:59Z,0.4342,0.4346,0.4339,0.4342,837291.0,0.4289597436347689,1,0
2025-09-23T06:52:59Z,0.4342,0.4346,0.4339,0.4346,171449.3,0.428965544299508,1,0
2025-09-23T06:53:59Z,0.4346,0.4349,0.4342,0.4343,512558.1,0.42898189525711367,1,0
2025-09-23T06:54:59Z,0.4344,0.4346,0.434,0.4346,91036.2,0.4289849521312873,1,0
2025-09-23T06:55:59Z,0.4347,0.4351,0.4345,0.435,173781.6,0.4289911932958601,1,0
2025-09-23T06:56:59Z,0.4349,0.4353,0.4347,0.4352,306542.0,0.42900253626462176,1,0
2025-09-23T06:57:59Z,0.4353,0.4357,0.4352,0.4354,435559.6,0.4290190999944951,1,0
2025-09-23T06:58:59Z,0.4353,0.4355,0.4347,0.435,577041.5,0.4290395450912998,1,0
2025-09-23T06:59:59Z,0.435,0.4353,0.4348,0.4352,328081.7,0.42905149506952317,1,0
2025-09-23T07:00:59Z,0.4352,0.4354,0.4345,0.4346,353802.7,0.429063077558808,1,0
2025-09-23T07:01:59Z,0.4346,0.4347,0.4338,0.4343,953049.7,0.4290923609394521,1,0
2025-09-23T07:02:59Z,0.4342,0.4345,0.4338,0.4342,304522.0,0.42910147041006796,1,0
2025-09-23T07:03:59Z,0.4342,0.4347,0.434,0.434,211473.1,0.4291075299210414,1,0
2025-09-23T07:04:59Z,0.434,0.4342,0.4336,0.4339,265491.6,0.4291149610187846,1,0
2025-09-23T07:05:59Z,0.4339,0.434,0.4334,0.4334,120619.5,0.4291179775598477,1,0
2025-09-23T07:06:59Z,0.4335,0.4346,0.4334,0.4344,340655.6,0.42912845825582596,1,0
2025-09-23T07:07:59Z,0.4345,0.4347,0.4343,0.4347,196984.9,0.429134843605111,1,0
2025-09-23T07:08:59Z,0.4348,0.435,0.434,0.4341,424780.2,0.4291470841724094,1,0
2025-09-23T07:09:59Z,0.4342,0.4342,0.4334,0.4335,114188.8,0.42914996701153546,1,0
2025-09-23T07:10:59Z,0.4336,0.4341,0.4334,0.4341,163515.8,0.429154657010759,1,0
2025-09-23T07:11:59Z,0.4342,0.435,0.4342,0.4348,369734.4,0.4291667255781918,1,0
2025-09-23T07:12:59Z,0.4348,0.435,0.4345,0.4346,290946.0,0.42917585029904104,1,0
2025-09-23T07:13:59Z,0.4345,0.4348,0.4341,0.4345,138678.0,0.42918010879143864,1,0
2025-09-23T07:14:59Z,0.4344,0.4344,0.4339,0.434,142407.3,0.42918406437873563,1,0
2025-09-23T07:15:59Z,0.434,0.4341,0.4332,0.4335,267266.1,0.4291907016859706,1,0
2025-09-23T07:16:59Z,0.4335,0.4339,0.4333,0.4337,121465.2,0.42919385110534153,1,0
2025-09-23T07:17:59Z,0.4337,0.4342,0.4337,0.434,233424.2,0.4292002932465611,1,0
2025-09-23T07:18:59Z,0.434,0.4344,0.434,0.4344,113587.5,0.42920368257265096,1,0
2025-09-23T07:19:59Z,0.4344,0.4344,0.4338,0.434,251608.8,0.4292105978736982,1,0
2025-09-23T07:20:59Z,0.434,0.4342,0.4337,0.4339,76094.6,0.42921264177222684,1,0
2025-09-23T07:21:59Z,0.4339,0.4349,0.4339,0.4346,413477.1,0.4292253705880486,1,0
2025-09-23T07:22:59Z,0.4347,0.4348,0.4339,0.4346,350742.7,0.4292361210788814,1,0
2025-09-23T07:23:59Z,0.4346,0.4354,0.4346,0.4354,408530.8,0.4292504482152769,1,0
2025-09-23T07:24:59Z,0.4355,0.4358,0.4351,0.4353,561601.9,0.42926971666518454,1,0
2025-09-23T07:25:59Z,0.4352,0.4356,0.4346,0.4347,436833.5,0.42928313685969616,1,0
2025-09-23T07:26:59Z,0.4347,0.435,0.4342,0.4342,406750.1,0.4292944254038631,1,0
2025-09-23T07:27:59Z,0.4343,0.4346,0.4339,0.4343,365403.9,0.4293047281844656,1,0
2025-09-23T07:28:59Z,0.4343,0.4345,0.4341,0.4343,150079.2,0.4293089474803435,1,0
2025-09-23T07:29:59Z,0.4343,0.4343,0.4337,0.4338,246402.6,0.429315166929461,1,0
2025-09-23T07:30:59Z,0.4338,0.4343,0.4329,0.4341,1143908.0,0.42934573254918973,1,0
2025-09-23T07:31:59Z,0.4342,0.4346,0.434,0.4341,392424.7,0.42935612850842936,1,0
2025-09-23T07:32:59Z,0.4341,0.4348,0.4341,0.4346,226343.6,0.42936273388352675,1,0
2025-09-23T07:33:59Z,0.4347,0.4349,0.4339,0.434,706119.7,0.4293808854573132,1,0
2025-09-23T07:34:59Z,0.4341,0.4345,0.4337,0.4345,164896.6,0.4293855604796097,1,0
2025-09-23T07:35:59Z,0.4345,0.4354,0.4344,0.4345,395220.4,0.42939673078306045,1,0
2025-09-23T07:36:59Z,0.4345,0.4348,0.4342,0.4343,260932.8,0.4294037909699224,1,0
2025-09-23T07:37:59Z,0.4343,0.4351,0.4342,0.4349,399494.0,0.4294158807647776,1,0
2025-09-23T07:38:59Z,0.4349,0.4349,0.4342,0.4343,222493.5,0.42942185685708667,1,0
2025-09-23T07:39:59Z,0.4343,0.4346,0.4342,0.4344,102462.0,0.4294246603487847,1,0
2025-09-23T07:40:59Z,0.4344,0.435,0.4343,0.4349,191255.9,0.4294304099626952,1,0
2025-09-23T07:41:59Z,0.4348,0.4352,0.4344,0.4346,140023.4,0.4294343812905455,1,0
2025-09-23T07:42:59Z,0.4347,0.4349,0.4343,0.4343,112091.0,0.4294373716324164,1,0
2025-09-23T07:43:59Z,0.4344,0.4346,0.4342,0.4342,112734.3,0.4294403136579128,1,0
2025-09-23T07:44:59Z,0.4341,0.4345,0.434,0.4342,223299.9,0.4294461303953284,1,0
2025-09-23T07:45:59Z,0.4343,0.4349,0.4342,0.4347,396677.1,0.4294575115730787,1,0
2025-09-23T07:46:59Z,0.4347,0.4351,0.4344,0.4348,129419.8,0.4294612847595438,1,0
2025-09-23T07:47:59Z,0.4347,0.4351,0.4345,0.435,377352.7,0.4294726669814063,1,0
2025-09-23T07:48:59Z,0.435,0.4354,0.4346,0.4353,153608.4,0.4294775376905778,1,0
2025-09-23T07:49:59Z,0.4352,0.4354,0.4345,0.4347,168110.2,0.42948231056146535,1,0
2025-09-23T07:50:59Z,0.4346,0.4352,0.4346,0.4351,152087.7,0.42948695147199856,1,0
2025-09-23T07:51:59Z,0.4351,0.4352,0.4348,0.4349,78434.7,0.4294892567141205,1,0
2025-09-23T07:52:59Z,0.4349,0.4353,0.4344,0.4352,268719.3,0.42949757674034483,1,0
2025-09-23T07:53:59Z,0.4353,0.4355,0.4349,0.4353,208829.7,0.42950413884927124,1,0
2025-09-23T07:54:59Z,0.4353,0.4353,0.4347,0.4348,205445.3,0.4295100244614168,1,0
2025-09-23T07:55:59Z,0.4348,0.4349,0.4347,0.4349,187686.0,0.4295154913069122,1,0
2025-09-23T07:56:59Z,0.4348,0.4353,0.4348,0.4351,63981.5,0.4295174215294448,1,0
2025-09-23T07:57:59Z,0.4351,0.4353,0.4349,0.4352,47353.8,0.4295188748358422,1,0
2025-09-23T07:58:59Z,0.4353,0.4353,0.4347,0.4348,61772.8,0.4295206361457982,1,0
2025-09-23T07:59:59Z,0.4349,0.4349,0.4341,0.4345,143565.4,0.4295244926978336,1,0
2025-09-23T08:00:59Z,0.4345,0.4352,0.4345,0.4347,243013.4,0.4295312689522605,1,0
2025-09-23T08:01:59Z,0.4346,0.4356,0.4346,0.4352,269810.5,0.4295394974469656,1,0
2025-09-23T08:02:59Z,0.4353,0.436,0.4352,0.4359,250101.4,0.4295480441632524,1,0
2025-09-23T08:03:59Z,0.4359,0.4359,0.435,0.435,204161.6,0.42955401784398983,1,0
2025-09-23T08:04:59Z,0.4349,0.435,0.4341,0.4345,256075.9,0.4295608058219926,1,0
2025-09-23T08:05:59Z,0.4344,0.4347,0.4339,0.4344,193112.7,0.4295658090904553,1,0
2025-09-23T08:06:59Z,0.4345,0.4346,0.4335,0.4337,489308.0,0.42957661114909024,1,0
2025-09-23T08:07:59Z,0.4337,0.4346,0.4336,0.4346,454886.1,0.42958878364132896,1,0
2025-09-23T08:08:59Z,0.4346,0.4356,0.4346,0.4352,332725.9,0.42959871147734235,1,0
2025-09-23T08:09:59Z,0.4352,0.4353,0.4348,0.4352,168200.7,0.4296037168734186,1,0
2025-09-23T08:10:59Z,0.4352,0.4357,0.435,0.4352,185724.1,0.4296092333570512,1,0
2025-09-23T08:11:59Z,0.4352,0.4358,0.435,0.4353,157020.3,0.4296139720567317,1,0
2025-09-23T08:12:59Z,0.4353,0.4353,0.4344,0.4344,139171.1,0.42961750174609203,1,0
2025-09-23T08:13:59Z,0.4345,0.4352,0.4344,0.4351,248201.9,0.4296247032791308,1,0
2025-09-23T08:14:59Z,0.4352,0.4352,0.4343,0.4343,386179.3,0.4296342389847376,1,0
2025-09-23T08:15:59Z,0.4344,0.4346,0.4342,0.4346,372373.7,0.42964398587777575,1,0
2025-09-23T08:16:59Z,0.4345,0.4353,0.4344,0.4347,490686.0,0.42965702929833854,1,0
2025-09-23T08:17:59Z,0.4347,0.4356,0.4347,0.4354,143815.5,0.4296613683377801,1,0
2025-09-23T08:18:59Z,0.4355,0.4359,0.4354,0.4357,113655.7,0.42966497181536933,1,0
2025-09-23T08:19:59Z,0.4357,0.4362,0.4356,0.436,351493.9,0.4296766414608972,1,0
2025-09-23T08:20:59Z,0.4358,0.436,0.4353,0.4354,295459.4,0.4296854899299105,1,0
2025-09-23T08:21:59Z,0.4354,0.4359,0.4354,0.4358,266124.2,0.42969399271215436,1,0
2025-09-23T08:22:59Z,0.4358,0.4359,0.4349,0.435,245367.3,0.42970078698658587,1,0
2025-09-23T08:23:59Z,0.4351,0.4353,0.4347,0.4349,295147.7,0.4297087828829214,1,0
2025-09-23T08:24:59Z,0.4349,0.4354,0.4349,0.4354,168808.0,0.42971378445444347,1,0
2025-09-23T08:25:59Z,0.4353,0.4354,0.4349,0.4351,230392.1,0.42972023711801555,1,0
2025-09-23T08:26:59Z,0.4351,0.4359,0.4351,0.4357,269644.4,0.42972860960691717,1,0
2025-09-23T08:27:59Z,0.4357,0.4359,0.4355,0.4356,63052.7,0.42973053128967,1,0
2025-09-23T08:28:59Z,0.4356,0.4357,0.4352,0.4353,60722.0,0.4297322862205456,1,0
2025-09-23T08:29:59Z,0.4353,0.4353,0.435,0.435,148037.1,0.42973632973894094,1,0
2025-09-23T08:30:59Z,0.4351,0.4353,0.4347,0.4349,286292.8,0.429743983790526,1,0
2025-09-23T08:31:59Z,0.4349,0.4353,0.4347,0.4348,193207.0,0.4297490364444103,1,0
2025-09-23T08:32:59Z,0.4348,0.4349,0.4341,0.4343,241572.8,0.4297547157771416,1,0
2025-09-23T08:33:59Z,0.4343,0.4347,0.4341,0.4346,150748.2,0.42975848610606815,1,0
2025-09-23T08:34:59Z,0.4347,0.4352,0.4347,0.4352,42718.9,0.4297596857487116,1,0
2025-09-23T08:35:59Z,0.4352,0.4354,0.435,0.435,97706.3,0.4297623267770329,1,0
2025-09-23T08:36:59Z,0.4351,0.4355,0.4349,0.4354,101110.4,0.4297652655256888,1,0
2025-09-23T08:37:59Z,0.4355,0.436,0.4355,0.4359,253456.2,0.42977327120688064,1,0
2025-09-23T08:38:59Z,0.4359,0.4365,0.4358,0.4362,216799.8,0.42978043699470336,1,0
2025-09-23T08:39:59Z,0.4363,0.4364,0.4359,0.4363,161921.9,0.42978586171885336,1,0
2025-09-23T08:40:59Z,0.4362,0.4364,0.436,0.4362,95227.2,0.4297889989061433,1,0
2025-09-23T08:41:59Z,0.4362,0.4364,0.4361,0.4362,125305.4,0.4297931223238632,1,0
2025-09-23T08:42:59Z,0.4363,0.4364,0.4361,0.4362,48915.2,0.42979473053451117,1,0
2025-09-23T08:43:59Z,0.4362,0.4365,0.436,0.4364,201736.1,0.42980156142725395,1,0
2025-09-23T08:44:59Z,0.4364,0.4364,0.436,0.4361,130230.6,0.42980576345975524,1,0
2025-09-23T08:45:59Z,0.4361,0.4366,0.436,0.4366,144235.7,0.42981078002095463,1,0
2025-09-23T08:46:59Z,0.4367,0.4367,0.4356,0.4357,209969.3,0.42981710326161493,1,0
2025-09-23T08:47:59Z,0.4357,0.4357,0.4353,0.4356,205192.5,0.4298231647265996,1,0
2025-09-23T08:48:59Z,0.4357,0.4357,0.4353,0.4355,316745.8,0.429832335072392,1,0
2025-09-23T08:49:59Z,0.4355,0.4356,0.4352,0.4354,129421.3,0.42983600756426776,1,0
2025-09-23T08:50:59Z,0.4353,0.4354,0.435,0.4352,166983.5,0.42984056871329235,1,0
2025-09-23T08:51:59Z,0.4353,0.4353,0.4347,0.4349,302581.0,0.429848352433981,1,0
2025-09-23T08:52:59Z,0.4349,0.4356,0.4347,0.4355,116598.0,0.42985170095223474,1,0
2025-09-23T08:53:59Z,0.4354,0.4358,0.435,0.4357,129302.7,0.42985554101574175,1,0
2025-09-23T08:54:59Z,0.4357,0.4358,0.4349,0.435,125356.1,0.4298588137447913,1,0
2025-09-23T08:55:59Z,0.435,0.435,0.4345,0.4347,145827.1,0.4298623938321059,1,0
2025-09-23T08:56:59Z,0.4348,0.435,0.4347,0.4349,120741.7,0.4298654764468489,1,0
2025-09-23T08:57:59Z,0.4349,0.4354,0.4348,0.4354,45922.8,0.4298667642375595,1,0
2025-09-23T08:58:59Z,0.4354,0.4355,0.4351,0.4352,90880.2,0.42986921892844,1,0
2025-09-23T08:59:59Z,0.4353,0.4354,0.4352,0.4353,35104.9,0.42987018428906837,1,0
2025-09-23T09:00:59Z,0.4354,0.4354,0.4351,0.4351,178270.6,0.42987490094070335,1,0
2025-09-23T09:01:59Z,0.4352,0.4356,0.4351,0.4352,215997.2,0.4298807135240223,1,0
2025-09-23T09:02:59Z,0.4351,0.4351,0.4344,0.4345,355763.2,0.42988900342229946,1,0
2025-09-23T09:03:59Z,0.4345,0.4352,0.4345,0.4352,119938.7,0.4298922147598787,1,0
2025-09-23T09:04:59Z,0.4352,0.4352,0.4348,0.435,78033.3,0.42989422335493077,1,0
2025-09-23T09:05:59Z,0.4351,0.4354,0.4348,0.4351,167446.7,0.4298986124561108,1,0
2025-09-23T09:06:59Z,0.4352,0.4354,0.4347,0.4347,207770.4,0.4299036302151644,1,0
2025-09-23T09:07:59Z,0.4348,0.4353,0.4348,0.4351,174474.3,0.4299081864900182,1,0
2025-09-23T09:08:59Z,0.4352,0.4357,0.4351,0.4356,185414.7,0.4299134851827917,1,0
2025-09-23T09:09:59Z,0.4356,0.436,0.4356,0.4359,266098.3,0.4299214726710557,1,0
2025-09-23T09:10:59Z,0.436,0.4363,0.4358,0.4362,78441.8,0.4299239411454676,1,0
2025-09-23T09:11:59Z,0.4363,0.4372,0.4359,0.4359,667425.6,0.4299438657919931,1,0
2025-09-23T09:12:59Z,0.4359,0.4363,0.4358,0.4358,412167.8,0.4299558985368098,1,0
2025-09-23T09:13:59Z,0.4359,0.4361,0.4357,0.4359,251073.2,0.42996332912094526,1,0
2025-09-23T09:14:59Z,0.436,0.4361,0.4356,0.4357,159013.6,0.42996786735495135,1,0
2025-09-23T09:15:59Z,0.4356,0.4358,0.4348,0.435,393664.6,0.4299777034201683,1,0
2025-09-23T09:16:59Z,0.435,0.435,0.4344,0.4345,824874.2,0.42999614994664553,1,0
2025-09-23T09:17:59Z,0.4346,0.4348,0.4338,0.4341,405282.5,0.43000435814160237,1,0
2025-09-23T09:18:59Z,0.4341,0.4343,0.4339,0.434,195251.6,0.4300082046014396,1,0
2025-09-23T09:19:59Z,0.434,0.4344,0.434,0.4343,343136.1,0.4300154531550109,1,0
2025-09-23T09:20:59Z,0.4344,0.4347,0.434,0.4341,391838.8,0.4300233156513466,1,0
2025-09-23T09:21:59Z,0.4342,0.4346,0.4342,0.4344,277403.2,0.4300292719215575,1,0
2025-09-23T09:22:59Z,0.4343,0.4346,0.4343,0.4346,117857.5,0.43003191317012207,1,0
2025-09-23T09:23:59Z,0.4345,0.4345,0.4339,0.4341,335497.4,0.43003859402789685,1,0
2025-09-23T09:24:59Z,0.4341,0.4341,0.4336,0.4337,235382.0,0.43004280782755666,1,0
2025-09-23T09:25:59Z,0.4338,0.4338,0.4335,0.4337,205801.1,0.4300464841317464,1,0
2025-09-23T09:26:59Z,0.4338,0.4339,0.4335,0.4336,173666.1,0.4300494958964295,1,0
2025-09-23T09:27:59Z,0.4336,0.4338,0.4334,0.4334,250460.2,0.43005358629924245,1,0
2025-09-23T09:28:59Z,0.4333,0.4334,0.4328,0.433,279018.6,0.4300575880849332,1,0
2025-09-23T09:29:59Z,0.4331,0.4338,0.4331,0.4336,598947.3,0.43006788602280077,1,0
2025-09-23T09:30:59Z,0.4336,0.4339,0.4331,0.4332,545389.5,0.43007615513389025,1,0
2025-09-23T09:31:59Z,0.4332,0.4334,0.4326,0.433,613137.3,0.430084807591052,1,0
2025-09-23T09:32:59Z,0.433,0.4331,0.4323,0.4324,309073.2,0.43008825607705814,1,0
2025-09-23T09:33:59Z,0.4325,0.4333,0.4324,0.4331,311519.6,0.4300927708086352,1,0
2025-09-23T09:34:59Z,0.4331,0.4334,0.4331,0.4332,75044.7,0.43009389247843344,1,0
2025-09-23T09:35:59Z,0.4331,0.4332,0.4328,0.433,61149.3,0.43009474704747047,1,0
2025-09-23T09:36:59Z,0.4331,0.434,0.4331,0.4336,145494.4,0.4300971978361869,1,0
2025-09-23T09:37:59Z,0.4336,0.434,0.4334,0.4335,195305.5,0.4301003885216304,1,0
2025-09-23T09:38:59Z,0.4335,0.4336,0.4331,0.4332,48350.2,0.430101107867164,1,0
2025-09-23T09:39:59Z,0.4333,0.4334,0.4331,0.4333,58412.3,0.4301020044990342,1,0
2025-09-23T09:40:59Z,0.4334,0.4336,0.4332,0.4336,55381.0,0.4301029338396347,1,0
2025-09-23T09:41:59Z,0.4335,0.4337,0.4329,0.433,281943.7,0.4301068470091847,1,0
2025-09-23T09:42:59Z,0.433,0.4332,0.4329,0.433,67539.5,0.43010778283839607,1,0
2025-09-23T09:43:59Z,0.433,0.4332,0.4329,0.4332,42102.9,0.4301084062312078,1,0
2025-09-23T09:44:59Z,0.4332,0.4334,0.4331,0.4333,33415.0,0.43010891680601915,1,0
2025-09-23T09:45:59Z,0.4333,0.4335,0.4327,0.4331,151553.6,0.4301110854590152,1,0
2025-09-23T09:46:59Z,0.4331,0.4335,0.4327,0.4328,66626.8,0.43011194226573574,1,0
2025-09-23T09:47:59Z,0.4327,0.4328,0.4324,0.4325,77037.7,0.43011282178440047,1,0
2025-09-23T09:48:59Z,0.4325,0.4326,0.4323,0.4323,42906.2,0.4301132703356586,1,0
2025-09-23T09:49:59Z,0.4323,0.4323,0.4316,0.4322,452676.5,0.43011777563164977,1,0
2025-09-23T09:50:59Z,0.4323,0.4327,0.4323,0.4325,627347.6,0.43012488224319195,1,0
2025-09-23T09:51:59Z,0.4325,0.4327,0.4324,0.4327,125252.6,0.43012641508354676,1,0
2025-09-23T09:52:59Z,0.4328,0.4329,0.4326,0.4326,59320.3,0.4301271122248733,1,0
2025-09-23T09:53:59Z,0.4326,0.4332,0.4325,0.4332,98443.8,0.4301285487811943,1,0
2025-09-23T09:54:59Z,0.4332,0.4334,0.4331,0.4331,68709.8,0.43012951802535676,1,0
2025-09-23T09:55:59Z,0.4332,0.4334,0.4328,0.4328,62068.9,0.4301303046755512,1,0
2025-09-23T09:56:59Z,0.4328,0.433,0.4327,0.433,58236.0,0.430131097588057,1,0
2025-09-23T09:57:59Z,0.433,0.4331,0.4326,0.4329,121718.7,0.43013269571826446,1,0
2025-09-23T09:58:59Z,0.4328,0.4332,0.4327,0.4328,130985.7,0.4301343513890686,1,0
2025-09-23T09:59:59Z,0.4328,0.4328,0.4324,0.4325,122732.7,0.43013572649307436,1,0
2025-09-23T10:00:59Z,0.4326,0.4328,0.4323,0.4324,87966.9,0.43013666945095796,1,0
2025-09-23T10:01:59Z,0.4325,0.4325,0.4319,0.4323,235748.6,0.43013908119766314,1,0
2025-09-23T10:02:59Z,0.4322,0.4328,0.4322,0.4326,121423.8,0.43014049344736754,1,0
2025-09-23T10:03:59Z,0.4326,0.4326,0.4319,0.432,140574.8,0.43014172804981526,1,0
2025-09-23T10:04:59Z,0.4321,0.4327,0.4321,0.4325,70290.9,0.43014251070556403,1,0
2025-09-23T10:05:59Z,0.4325,0.4327,0.4322,0.4322,99349.4,0.4301434753715233,1,0
2025-09-23T10:06:59Z,0.4323,0.4325,0.4321,0.4323,95523.7,0.430144447097791,1,0
2025-09-23T10:07:59Z,0.4324,0.4328,0.4321,0.4328,238536.3,0.43014743178911724,1,0
2025-09-23T10:08:59Z,0.4328,0.4332,0.4327,0.4327,135471.3,0.4301490601007009,1,0
2025-09-23T10:09:59Z,0.4327,0.433,0.4327,0.433,56619.3,0.43014981998880103,1,0
2025-09-23T10:10:59Z,0.4329,0.4332,0.4328,0.4331,94793.5,0.4301511359115687,1,0
2025-09-23T10:11:59Z,0.4331,0.4333,0.4328,0.4329,141084.0,0.4301529595810902,1,0
2025-09-23T10:12:59Z,0.4329,0.4331,0.4328,0.4329,77448.5,0.4301539596617564,1,0
2025-09-23T10:13:59Z,0.433,0.433,0.4325,0.4326,148123.9,0.43015566159859997,1,0
2025-09-23T10:14:59Z,0.4328,0.4331,0.4328,0.433,85519.3,0.43015680375521986,1,0
2025-09-23T10:15:59Z,0.4331,0.4338,0.433,0.4338,118732.6,0.4301588337304941,1,0
2025-09-23T10:16:59Z,0.4338,0.4338,0.4333,0.4334,74942.7,0.43015997323523864,1,0
2025-09-23T10:17:59Z,0.4334,0.4337,0.4333,0.4336,106065.8,0.43016168406439753,1,0
2025-09-23T10:18:59Z,0.4337,0.4338,0.4333,0.4334,99942.9,0.43016320089521076,1,0
2025-09-23T10:19:59Z,0.4334,0.4334,0.4326,0.4329,428834.4,0.4301686903162058,1,0
2025-09-23T10:20:59Z,0.4329,0.433,0.4324,0.4326,73824.1,0.4301695295491239,1,0
2025-09-23T10:21:59Z,0.4327,0.4331,0.4326,0.4331,49731.4,0.43017021080635875,1,0
2025-09-23T10:22:59Z,0.4331,0.4338,0.433,0.4338,67454.2,0.430171354992214,1,0
2025-09-23T10:23:59Z,0.4337,0.434,0.4337,0.4337,115542.9,0.43017325923788213,1,0
2025-09-23T10:24:59Z,0.4337,0.434,0.4337,0.434,63967.7,0.43017440219987285,1,0
2025-09-23T10:25:59Z,0.434,0.4344,0.434,0.4343,156049.5,0.43017740602714133,1,0
2025-09-23T10:26:59Z,0.4343,0.4345,0.4342,0.4343,80387.5,0.4301789517154171,1,0
2025-09-23T10:27:59Z,0.4343,0.4344,0.4337,0.4338,222794.5,0.43018271052699686,1,0
2025-09-23T10:28:59Z,0.4338,0.4338,0.4332,0.4333,172175.3,0.43018520921196834,1,0
2025-09-23T10:29:59Z,0.4334,0.4334,0.4332,0.4333,29857.4,0.43018564210842253,1,0
2025-09-23T10:30:59Z,0.4332,0.4335,0.4327,0.4332,325684.8,0.4301902049729115,1,0
2025-09-23T10:31:59Z,0.4333,0.4337,0.4332,0.4336,63172.3,0.43019120583153125,1,0
2025-09-23T10:32:59Z,0.4336,0.434,0.4334,0.4335,65213.4,0.43019220812013376,1,0
2025-09-23T10:33:59Z,0.4334,0.4341,0.4332,0.4341,192397.6,0.43019569734792396,1,0
2025-09-23T10:34:59Z,0.4341,0.4344,0.4341,0.4344,80553.1,0.4301972684780355,1,0
2025-09-23T10:35:59Z,0.4344,0.4347,0.4343,0.4344,86988.9,0.4301989638155935,1,0
2025-09-23T10:36:59Z,0.4344,0.4347,0.434,0.434,106648.2,0.4302008427062272,1,0
2025-09-23T10:37:59Z,0.434,0.4342,0.4336,0.4337,36602.3,0.43020143623822527,1,0
2025-09-23T10:38:59Z,0.4337,0.4337,0.4332,0.4334,81345.1,0.4302026415378512,1,0
2025-09-23T10:39:59Z,0.4334,0.4335,0.4332,0.4333,76187.2,0.43020373430805636,1,0
2025-09-23T10:40:59Z,0.4333,0.4335,0.4329,0.433,43949.0,0.4302043032846704,1,0
2025-09-23T10:41:59Z,0.433,0.4331,0.4328,0.433,76796.3,0.4302052969564338,1,0
2025-09-23T10:42:59Z,0.4329,0.4331,0.4328,0.433,55417.1,0.4302060135628379,1,0
2025-09-23T10:43:59Z,0.4329,0.4337,0.4329,0.4337,75593.7,0.43020723523917326,1,0
2025-09-23T10:44:59Z,0.4338,0.4338,0.4336,0.4338,62234.1,0.43020826914633226,1,0
2025-09-23T10:45:59Z,0.4337,0.4339,0.4337,0.4339,25584.5,0.4302087058430582,1,0
2025-09-23T10:46:59Z,0.4339,0.4344,0.4339,0.4342,180143.4,0.430212027413678,1,0
2025-09-23T10:47:59Z,0.4342,0.4344,0.4339,0.434,87077.2,0.4302135505824037,1,0
2025-09-23T10:48:59Z,0.4341,0.4341,0.4337,0.4338,39472.9,0.43021420419636464,1,0
2025-09-23T10:49:59Z,0.4338,0.434,0.4338,0.4339,205768.0,0.4302177024741169,1,0
2025-09-23T10:50:59Z,0.4339,0.4347,0.4339,0.4345,95597.4,0.4302195899292572,1,0
2025-09-23T10:51:59Z,0.4345,0.4345,0.4339,0.4341,157005.9,0.4302223968687427,1,0
2025-09-23T10:52:59Z,0.4341,0.4343,0.4339,0.4339,125845.8,0.4302245279073098,1,0
2025-09-23T10:53:59Z,0.4339,0.4341,0.4338,0.434,31251.2,0.4302250711116062,1,0
2025-09-23T10:54:59Z,0.434,0.4347,0.434,0.4346,646379.4,0.4302380516664906,1,0
2025-09-23T10:55:59Z,0.4346,0.4347,0.4343,0.4345,96130.3,0.43023993146645023,1,0
2025-09-23T10:56:59Z,0.4344,0.4345,0.4343,0.4343,31367.9,0.43024051571745336,1,0
2025-09-23T10:57:59Z,0.4343,0.4347,0.4343,0.4346,34241.6,0.43024120041947095,1,0
2025-09-23T10:58:59Z,0.4346,0.4346,0.4344,0.4345,69340.1,0.43024255450470456,1,0
2025-09-23T10:59:59Z,0.4345,0.4346,0.4343,0.4343,154436.6,0.4302454257468882,1,0
2025-09-23T11:00:59Z,0.4343,0.4346,0.4341,0.4342,124494.0,0.4302476803358879,1,0
2025-09-23T11:01:59Z,0.4341,0.4342,0.4338,0.4339,242226.1,0.430251727282363,1,0
2025-09-23T11:02:59Z,0.4339,0.4339,0.4335,0.4338,87733.1,0.4302531507380407,1,0
2025-09-23T11:03:59Z,0.4337,0.4338,0.4335,0.4337,111106.7,0.4302549010096,1,0
2025-09-23T11:04:59Z,0.4337,0.4337,0.4334,0.4334,91227.1,0.4302562117601552,1,0
2025-09-23T11:05:59Z,0.4334,0.4338,0.4331,0.4331,133980.1,0.43025795129717403,1,0
2025-09-23T11:06:59Z,0.433,0.4333,0.433,0.4331,170783.9,0.4302601655951702,1,0
2025-09-23T11:07:59Z,0.433,0.433,0.4325,0.4325,162998.2,0.4302618299024848,1,0
2025-09-23T11:08:59Z,0.4325,0.4327,0.432,0.4325,339996.4,0.4302652935174668,1,0
2025-09-23T11:09:59Z,0.4324,0.4328,0.4324,0.4328,195319.6,0.4302675449025363,1,0
2025-09-23T11:10:59Z,0.4328,0.4329,0.4326,0.4327,129022.5,0.43026897127131386,1,0
2025-09-23T11:11:59Z,0.4327,0.4327,0.4322,0.4324,142787.3,0.4302703533051665,1,0
2025-09-23T11:12:59Z,0.4323,0.4325,0.432,0.4322,185605.3,0.43027197863688316,1,0
2025-09-23T11:13:59Z,0.4323,0.4325,0.4323,0.4323,163657.1,0.4302734837141164,1,0
2025-09-23T11:14:59Z,0.4324,0.4326,0.4324,0.4326,78572.2,0.43027431236520813,1,0
2025-09-23T11:15:59Z,0.4325,0.433,0.4324,0.4326,331113.3,0.4302777979313611,1,0
2025-09-23T11:16:59Z,0.4325,0.433,0.4322,0.4328,373957.4,0.4302820599254377,1,0
2025-09-23T11:17:59Z,0.4327,0.433,0.4325,0.4329,160052.3,0.4302839519138609,1,0
2025-09-23T11:18:59Z,0.433,0.4331,0.4325,0.4327,202497.1,0.4302861590255816,1,0
2025-09-23T11:19:59Z,0.4327,0.4331,0.4326,0.433,115023.2,0.43028756651286115,1,0
2025-09-23T11:20:59Z,0.433,0.4333,0.4325,0.4327,334375.0,0.43029119820898337,1,0
2025-09-23T11:21:59Z,0.4326,0.4333,0.4324,0.433,215097.0,0.43029381887434553,1,0
2025-09-23T11:22:59Z,0.4329,0.4333,0.4329,0.4332,92037.4,0.43029502143574955,1,0
2025-09-23T11:23:59Z,0.4332,0.4333,0.4329,0.433,67037.9,0.43029583646574987,1,0
2025-09-23T11:24:59Z,0.4329,0.4334,0.4329,0.4329,187275.3,0.43029802660999067,1,0
2025-09-23T11:25:59Z,0.4329,0.4329,0.4327,0.4327,183336.8,0.43030000259834933,1,0
2025-09-23T11:26:59Z,0.4328,0.433,0.4323,0.4329,192763.7,0.430302249526728,1,0
2025-09-23T11:27:59Z,0.4329,0.4332,0.4327,0.4329,131149.7,0.43030377603976205,1,0
2025-09-23T11:28:59Z,0.4329,0.4331,0.4328,0.433,131812.4,0.4303053674846236,1,0
2025-09-23T11:29:59Z,0.4331,0.4332,0.4329,0.433,225358.0,0.43030808401050313,1,0
2025-09-23T11:30:59Z,0.4329,0.433,0.4325,0.4328,216797.7,0.43031049840593233,1,0
2025-09-23T11:31:59Z,0.4329,0.4336,0.4329,0.4335,191883.5,0.43031323121015247,1,0
2025-09-23T11:32:59Z,0.4336,0.4341,0.4335,0.434,103157.5,0.4303149286514892,1,0
2025-09-23T11:33:59Z,0.434,0.4342,0.434,0.434,74908.9,0.4303161602870175,1,0
2025-09-23T11:34:59Z,0.4339,0.434,0.4336,0.434,92520.6,0.43031768035430606,1,0
2025-09-23T11:35:59Z,0.434,0.4345,0.434,0.4345,109419.9,0.43031972033143623,1,0
2025-09-23T11:36:59Z,0.4344,0.4346,0.4343,0.4343,101532.7,0.4303215210040855,1,0
2025-09-23T11:37:59Z,0.4344,0.4345,0.4342,0.4344,91755.5,0.4303231877448699,1,0
2025-09-23T11:38:59Z,0.4344,0.4345,0.4342,0.4343,47235.0,0.43032402420525556,1,0
2025-09-23T11:39:59Z,0.4342,0.4347,0.4342,0.4346,127008.1,0.43032644115420454,1,0
2025-09-23T11:40:59Z,0.4347,0.4349,0.4346,0.4348,96445.2,0.4303283604778955,1,0
2025-09-23T11:41:59Z,0.4348,0.4352,0.4346,0.4346,321734.2,0.43033446547049475,1,0
2025-09-23T11:42:59Z,0.4345,0.4346,0.4342,0.4342,156641.4,0.430337153334817,1,0
2025-09-23T11:43:59Z,0.4342,0.4347,0.4342,0.4345,201778.3,0.4303408786864903,1,0
2025-09-23T11:44:59Z,0.4345,0.4348,0.4344,0.4348,178477.8,0.4303444055792848,1,0
2025-09-23T11:45:59Z,0.4347,0.4349,0.4342,0.4342,134796.7,0.43034670739216857,1,0
2025-09-23T11:46:59Z,0.4342,0.4344,0.4341,0.4344,130289.4,0.4303490449691362,1,0
2025-09-23T11:47:59Z,0.4344,0.4344,0.4339,0.4342,226287.3,0.4303528983569542,1,0
2025-09-23T11:48:59Z,0.4341,0.4344,0.4341,0.4344,97520.0,0.43035464283158,1,0
2025-09-23T11:49:59Z,0.4343,0.4344,0.4339,0.4341,65918.1,0.43035573376502145,1,0
2025-09-23T11:50:59Z,0.4342,0.4346,0.434,0.434,155046.1,0.4303582287839217,1,0
2025-09-23T11:51:59Z,0.4341,0.4343,0.4338,0.4343,144180.8,0.4303607367711994,1,0
2025-09-23T11:52:59Z,0.4342,0.4344,0.4341,0.4343,49277.0,0.43036159320010514,1,0
2025-09-23T11:53:59Z,0.4343,0.4344,0.4342,0.4343,31434.1,0.4303621393268326,1,0
2025-09-23T11:54:59Z,0.4343,0.4347,0.4343,0.4346,112212.7,0.43036423607169827,1,0
2025-09-23T11:55:59Z,0.4347,0.4348,0.4345,0.4345,158437.0,0.4303671231992508,1,0
2025-09-23T11:56:59Z,0.4345,0.4347,0.4343,0.4346,30999.1,0.43036770126737117,1,0
2025-09-23T11:57:59Z,0.4345,0.4347,0.4343,0.4347,8974.4,0.43036787254512304,1,0
2025-09-23T11:58:59Z,0.4347,0.4348,0.4345,0.4346,100726.5,0.4303697496431359,1,0
2025-09-23T11:59:59Z,0.4346,0.4347,0.4344,0.4344,94784.3,0.4303714310455886,1,0
2025-09-23T12:00:59Z,0.4344,0.4346,0.4341,0.4342,327641.9,0.43037694436683127,1,0
2025-09-23T12:01:59Z,0.4343,0.4346,0.434,0.4341,185095.1,0.43037997071346346,1,0
2025-09-23T12:02:59Z,0.4341,0.4342,0.4338,0.4342,321548.7,0.430385357438779,1,0
2025-09-23T12:03:59Z,0.4341,0.4343,0.4338,0.4338,65379.6,0.43038633619466365,1,0
2025-09-23T12:04:59Z,0.4338,0.4345,0.4338,0.4343,96084.9,0.43038798413933776,1,0
2025-09-23T12:05:59Z,0.4342,0.4344,0.434,0.4344,123875.4,0.4303901609265737,1,0
2025-09-23T12:06:59Z,0.4344,0.4346,0.4341,0.4345,83214.1,0.43039165830561005,1,0
2025-09-23T12:07:59Z,0.4345,0.435,0.4343,0.4344,231790.3,0.43039572207899335,1,0
2025-09-23T12:08:59Z,0.4344,0.4344,0.4337,0.4339,157174.4,0.430398129496315,1,0
2025-09-23T12:09:59Z,0.4339,0.4339,0.4335,0.4336,538738.5,0.4304056514618795,1,0
2025-09-23T12:10:59Z,0.4336,0.4339,0.4333,0.4339,241937.3,0.43040933411383653,1,0
2025-09-23T12:11:59Z,0.4339,0.4346,0.4339,0.4344,62533.1,0.43041042086138415,1,0
2025-09-23T12:12:59Z,0.4344,0.4347,0.434,0.4347,155484.7,0.43041332342481464,1,0
2025-09-23T12:13:59Z,0.4347,0.4349,0.4346,0.4347,247349.6,0.43041793282126944,1,0
2025-09-23T12:14:59Z,0.4347,0.435,0.4346,0.4348,138269.5,0.43042056524978034,1,0
2025-09-23T12:15:59Z,0.4348,0.435,0.4344,0.435,337326.6,0.43042726683601956,1,0
2025-09-23T12:16:59Z,0.435,0.4359,0.4348,0.4351,483101.2,0.4304370395456455,1,0
2025-09-23T12:17:59Z,0.4352,0.4358,0.4351,0.4355,374658.9,0.4304452382012862,1,0
2025-09-23T12:18:59Z,0.4356,0.4358,0.4354,0.4355,242232.4,0.430450524850907,1,0
2025-09-23T12:19:59Z,0.4354,0.4354,0.4349,0.4349,103392.0,0.43045251025765047,1,0
2025-09-23T12:20:59Z,0.4348,0.435,0.4344,0.4346,204034.7,0.4304561591484976,1,0
2025-09-23T12:21:59Z,0.4347,0.4347,0.4335,0.4338,632211.3,0.4304652498432111,1,0
2025-09-23T12:22:59Z,0.4339,0.434,0.4332,0.4339,322622.3,0.43047000841535144,1,0
2025-09-23T12:23:59Z,0.4339,0.4339,0.4332,0.4333,74691.3,0.43047091582420116,1,0
2025-09-23T12:24:59Z,0.4332,0.4335,0.4332,0.4334,236281.7,0.4304738838624557,1,0
2025-09-23T12:25:59Z,0.4334,0.4339,0.4334,0.4338,126463.3,0.4304756867722697,1,0
2025-09-23T12:26:59Z,0.4338,0.4343,0.4337,0.434,67247.7,0.43047670231653157,1,0
2025-09-23T12:27:59Z,0.434,0.4341,0.4337,0.4339,81687.4,0.4304779001451157,1,0
2025-09-23T12:28:59Z,0.4339,0.434,0.4337,0.434,33661.8,0.4304784079201181,1,0
2025-09-23T12:29:59Z,0.4339,0.434,0.4336,0.4337,43895.8,0.43047901346201256,1,0
2025-09-23T12:30:59Z,0.4337,0.4337,0.433,0.433,372727.2,0.43048303062724824,1,0
2025-09-23T12:31:59Z,0.4331,0.4338,0.4331,0.4337,255388.3,0.4304865392129098,1,0
2025-09-23T12:32:59Z,0.4337,0.4345,0.4337,0.4344,418318.2,0.43049351794866075,1,0
2025-09-23T12:33:59Z,0.4345,0.4347,0.4342,0.4346,492997.8,0.4305021301099336,1,0
2025-09-23T12:34:59Z,0.4346,0.4347,0.4342,0.4343,64791.0,0.43050317659328846,1,0
2025-09-23T12:35:59Z,0.4343,0.4345,0.4341,0.4343,172316.7,0.4305059569926372,1,0
2025-09-23T12:36:59Z,0.4344,0.4346,0.4338,0.4339,219368.2,0.4305091181472713,1,0
2025-09-23T12:37:59Z,0.434,0.4344,0.4338,0.4341,69177.4,0.43051017251605944,1,0
2025-09-23T12:38:59Z,0.4341,0.4349,0.4341,0.4348,625609.0,0.43052153356177303,1,0
2025-09-23T12:39:59Z,0.4348,0.4355,0.4348,0.435,405039.3,0.4305291993701582,1,0
2025-09-23T12:40:59Z,0.435,0.435,0.4345,0.4345,112712.5,0.43053108986205535,1,0
2025-09-23T12:41:59Z,0.4345,0.4349,0.4345,0.4345,86968.8,0.43053254733293866,1,0
2025-09-23T12:42:59Z,0.4346,0.4349,0.4344,0.4349,72418.4,0.4305338824197208,1,0
2025-09-23T12:43:59Z,0.4349,0.4354,0.4349,0.4351,407999.9,0.4305417328271604,1,0
2025-09-23T12:44:59Z,0.4352,0.4357,0.4351,0.4355,335285.1,0.43054872828372326,1,0
2025-09-23T12:45:59Z,0.4356,0.4365,0.4356,0.436,277542.8,0.43055508734146725,1,0
2025-09-23T12:46:59Z,0.436,0.4365,0.4359,0.436,161519.1,0.4305587812407187,1,0
2025-09-23T12:47:59Z,0.4361,0.4365,0.4361,0.4362,158793.1,0.4305625412182463,1,0
2025-09-23T12:48:59Z,0.4362,0.4368,0.4362,0.4363,376230.9,0.43057158748577,1,0
2025-09-23T12:49:59Z,0.4363,0.4364,0.4359,0.4362,264549.6,0.4305778206302451,1,0
2025-09-23T12:50:59Z,0.4362,0.4363,0.436,0.436,271918.4,0.430583985622975,1,0
2025-09-23T12:51:59Z,0.436,0.436,0.4356,0.4357,102673.8,0.43058618108067365,1,0
2025-09-23T12:52:59Z,0.4358,0.4358,0.4345,0.4351,1446130.0,0.43061329973123896,1,0
2025-09-23T12:53:59Z,0.4351,0.4355,0.435,0.4354,115684.0,0.4306155991467829,1,0
2025-09-23T12:54:59Z,0.4354,0.4355,0.4351,0.4352,182912.2,0.43061907853951015,1,0
2025-09-23T12:55:59Z,0.4352,0.4353,0.4347,0.4347,285919.9,0.43062391431224006,1,0
2025-09-23T12:56:59Z,0.4347,0.4347,0.4343,0.4344,262959.5,0.4306280250609187,1,0
2025-09-23T12:57:59Z,0.4345,0.4352,0.4342,0.4352,267263.4,0.43063307810739465,1,0
2025-09-23T12:58:59Z,0.4351,0.4354,0.4349,0.4353,592161.5,0.4306444784648913,1,0
2025-09-23T12:59:59Z,0.4354,0.4357,0.4354,0.4354,58064.7,0.430645617282294,1,0
2025-09-23T13:00:59Z,0.4354,0.4355,0.4351,0.4352,261034.8,0.4306505151200116,1,0
2025-09-23T13:01:59Z,0.4353,0.4355,0.4348,0.4349,105256.4,0.4306523570493898,1,0
2025-09-23T13:02:59Z,0.4349,0.4349,0.4345,0.4345,167803.1,0.430655013996549,1,0
2025-09-23T13:03:59Z,0.4345,0.4349,0.4343,0.4345,116180.9,0.4306568514235102,1,0
2025-09-23T13:04:59Z,0.4346,0.4352,0.4345,0.4345,108159.3,0.4306585604093364,1,0
2025-09-23T13:05:59Z,0.4345,0.4348,0.4343,0.4343,69789.2,0.4306596049471193,1,0
2025-09-23T13:06:59Z,0.4343,0.4345,0.434,0.4345,103022.8,0.4306612304517623,1,0
2025-09-23T13:07:59Z,0.4345,0.4349,0.4345,0.4349,130185.7,0.43066349639917195,1,0
2025-09-23T13:08:59Z,0.4348,0.4357,0.4348,0.4352,251439.8,0.4306681754078665,1,0
2025-09-23T13:09:59Z,0.4351,0.4355,0.4349,0.4353,238874.9,0.4306727095574941,1,0
2025-09-23T13:10:59Z,0.4353,0.4356,0.4349,0.4353,247781.0,0.430677403386058,1,0
2025-09-23T13:11:59Z,0.4353,0.4354,0.4351,0.4352,152838.6,0.43068023140109135,1,0
2025-09-23T13:12:59Z,0.4352,0.4353,0.4349,0.435,104090.7,0.43068207025958527,1,0
2025-09-23T13:13:59Z,0.4351,0.4354,0.435,0.4352,121184.4,0.4306843081917017,1,0
2025-09-23T13:14:59Z,0.4352,0.4352,0.4348,0.4348,126614.4,0.4306864371245368,1,0
2025-09-23T13:15:59Z,0.4347,0.4347,0.4342,0.4343,153575.0,0.43068870291504885,1,0
2025-09-23T13:16:59Z,0.4344,0.4346,0.434,0.4342,104459.5,0.43069019981904866,1,0
2025-09-23T13:17:59Z,0.4341,0.4342,0.4338,0.4339,215193.9,0.43069301628911993,1,0
2025-09-23T13:18:59Z,0.4339,0.4342,0.4338,0.4338,284645.5,0.43069661823110783,1,0
2025-09-23T13:19:59Z,0.4338,0.4338,0.4337,0.4337,74274.8,0.4306975264992664,1,0
2025-09-23T13:20:59Z,0.4337,0.434,0.4335,0.4336,132411.0,0.43069909044007765,1,0
2025-09-23T13:21:59Z,0.4336,0.4342,0.4334,0.4339,186535.6,0.4307015183556188,1,0
2025-09-23T13:22:59Z,0.434,0.4343,0.4339,0.4342,91354.4,0.4307028174664789,1,0
2025-09-23T13:23:59Z,0.4341,0.4346,0.4341,0.4344,141702.9,0.43070494578535734,1,0
2025-09-23T13:24:59Z,0.4344,0.4347,0.4339,0.4339,128424.8,0.43070661183399556,1,0
2025-09-23T13:25:59Z,0.434,0.4345,0.4339,0.4342,286985.7,0.4307106777825466,1,0
2025-09-23T13:26:59Z,0.4343,0.4345,0.4341,0.4341,218955.6,0.4307136848156718,1,0
2025-09-23T13:27:59Z,0.4342,0.4351,0.434,0.435,198014.6,0.4307171212044612,1,0
2025-09-23T13:28:59Z,0.435,0.435,0.4345,0.4347,149949.2,0.43071953777033617,1,0
2025-09-23T13:29:59Z,0.4347,0.435,0.4345,0.4345,81844.6,0.4307207893212696,1,0
2025-09-23T13:30:59Z,0.4345,0.435,0.4341,0.4345,191174.2,0.4307237094921975,1,0
2025-09-23T13:31:59Z,0.4346,0.4352,0.4345,0.4346,161481.3,0.4307262378182536,1,0
2025-09-23T13:32:59Z,0.4347,0.4352,0.4345,0.435,99795.9,0.4307279598555366,1,0
2025-09-23T13:33:59Z,0.435,0.4352,0.4348,0.4349,207135.9,0.4307314461197191,1,0
2025-09-23T13:34:59Z,0.435,0.4357,0.4348,0.4355,278369.1,0.430736795170522,1,0
2025-09-23T13:35:59Z,0.4355,0.4363,0.4352,0.4354,570460.9,0.4307474902048315,1,0
2025-09-23T13:36:59Z,0.4355,0.436,0.4347,0.435,416506.5,0.4307545992664947,1,0
2025-09-23T13:37:59Z,0.435,0.4352,0.4339,0.4339,325414.9,0.4307587021739709,1,0
2025-09-23T13:38:59Z,0.4339,0.4348,0.4336,0.4347,514437.9,0.43076681282799345,1,0
2025-09-23T13:39:59Z,0.4348,0.4355,0.4347,0.4354,136476.5,0.43076934087040086,1,0
2025-09-23T13:40:59Z,0.4355,0.4358,0.4345,0.4346,293827.4,0.43077383558947857,1,0
2025-09-23T13:41:59Z,0.4346,0.4348,0.4337,0.434,360793.3,0.4307784770690575,1,0
2025-09-23T13:42:59Z,0.4341,0.4342,0.4331,0.4334,478416.5,0.4307834687126156,1,0
2025-09-23T13:43:59Z,0.4335,0.4337,0.4329,0.4332,471804.3,0.43078799793167233,1,0
2025-09-23T13:44:59Z,0.4332,0.4336,0.433,0.4333,376246.0,0.43079174690419414,1,0
2025-09-23T13:45:59Z,0.4334,0.4337,0.4326,0.4329,305007.9,0.4307942944916071,1,0
2025-09-23T13:46:59Z,0.4329,0.4343,0.4329,0.4339,231789.3,0.4307971438710224,1,0
2025-09-23T13:47:59Z,0.4339,0.4348,0.4336,0.4343,257859.7,0.4308007154426108,1,0
2025-09-23T13:48:59Z,0.4343,0.4347,0.4338,0.4343,230946.7,0.43080390806967794,1,0
2025-09-23T13:49:59Z,0.4344,0.4348,0.4342,0.4342,259832.7,0.43080739051934147,1,0
2025-09-23T13:50:59Z,0.4342,0.4346,0.4336,0.434,195840.2,0.4308098561255654,1,0
2025-09-23T13:51:59Z,0.4341,0.4345,0.4339,0.4342,383259.2,0.43081497212999875,1,0
2025-09-23T13:52:59Z,0.4343,0.4349,0.4343,0.4347,221502.7,0.43081835756706593,1,0
2025-09-23T13:53:59Z,0.4347,0.4348,0.4342,0.4343,154216.3,0.43082046858840123,1,0
2025-09-23T13:54:59Z,0.4344,0.4344,0.4333,0.4337,174552.7,0.4308224434134186,1,0
2025-09-23T13:55:59Z,0.4337,0.4338,0.4332,0.4334,162317.7,0.4308240861859683,1,0
2025-09-23T13:56:59Z,0.4335,0.4341,0.4335,0.434,126947.6,0.4308256684542726,1,0
2025-09-23T13:57:59Z,0.4341,0.4344,0.4339,0.4342,84278.7,0.4308267841580018,1,0
2025-09-23T13:58:59Z,0.4342,0.4343,0.4338,0.4342,69727.4,0.4308277066702047,1,0
2025-09-23T13:59:59Z,0.4342,0.4344,0.4339,0.4341,91271.8,0.43082887767296196,1,0
2025-09-23T14:00:59Z,0.4342,0.4342,0.4337,0.4339,125939.6,0.43083039337595463,1,0
2025-09-23T14:01:59Z,0.434,0.4353,0.4339,0.4349,493291.6,0.43083824522791386,1,0
2025-09-23T14:02:59Z,0.4348,0.4353,0.4345,0.4345,336501.6,0.4308430582862216,1,0
2025-09-23T14:03:59Z,0.4345,0.4349,0.4339,0.4344,264979.9,0.430846736061028,1,0
2025-09-23T14:04:59Z,0.4344,0.4349,0.4341,0.4347,173328.5,0.43084934041827877,1,0
2025-09-23T14:05:59Z,0.4348,0.4358,0.4344,0.4356,319350.0,0.4308552489853408,1,0
2025-09-23T14:06:59Z,0.4355,0.436,0.4349,0.435,483682.7,0.43086304195540537,1,0
2025-09-23T14:07:59Z,0.435,0.4352,0.4345,0.4348,772082.8,0.43087482254916676,1,0
2025-09-23T14:08:59Z,0.4348,0.4361,0.4348,0.436,330403.9,0.43088137706804924,1,0
2025-09-23T14:09:59Z,0.436,0.4371,0.436,0.4371,496887.6,0.4308933143281804,1,0
2025-09-23T14:10:59Z,0.4371,0.4382,0.4367,0.4375,1376537.7,0.43092826219027736,1,0
2025-09-23T14:11:59Z,0.4376,0.4387,0.4376,0.4379,956078.7,0.4309537827891273,1,0
2025-09-23T14:12:59Z,0.4379,0.4381,0.4373,0.4376,1179763.3,0.4309836688233674,1,0
2025-09-23T14:13:59Z,0.4376,0.4382,0.4372,0.4376,559481.5,0.4309977479821048,1,0
2025-09-23T14:14:59Z,0.4377,0.4382,0.4373,0.4381,258667.0,0.43100472843800597,1,0
2025-09-23T14:15:59Z,0.4381,0.4385,0.4379,0.438,725170.5,0.43102395034072044,1,0
2025-09-23T14:16:59Z,0.438,0.4383,0.4378,0.4379,243104.0,0.43103027858008786,1,0
2025-09-23T14:17:59Z,0.4379,0.4385,0.4379,0.438,844856.3,0.43105249956060937,1,0
2025-09-23T14:18:59Z,0.4381,0.4383,0.4374,0.4376,365905.9,0.4310615279573534,1,0
2025-09-23T14:19:59Z,0.4375,0.4381,0.4373,0.4376,400400.5,0.4310713789899562,1,0
2025-09-23T14:20:59Z,0.4377,0.438,0.4371,0.4371,419165.5,0.4310808725683796,1,0
2025-09-23T14:21:59Z,0.4371,0.4373,0.4363,0.4367,386449.2,0.4310890188168824,1,0
2025-09-23T14:22:59Z,0.4368,0.4371,0.4364,0.4365,439653.5,0.4310979286016938,1,0
2025-09-23T14:23:59Z,0.4365,0.437,0.4363,0.4369,237280.4,0.4311030801741953,1,0
2025-09-23T14:24:59Z,0.4369,0.4372,0.4366,0.4367,259351.2,0.4311085065636859,1,0
2025-09-23T14:25:59Z,0.4367,0.437,0.4366,0.4368,272448.7,0.4311142974160594,1,0
2025-09-23T14:26:59Z,0.4368,0.437,0.4362,0.4363,171077.2,0.43111760837562174,1,0
2025-09-23T14:27:59Z,0.4363,0.4366,0.4361,0.4364,162850.2,0.43112081692817483,1,0
2025-09-23T14:28:59Z,0.4364,0.437,0.4364,0.437,100370.7,0.43112301707491346,1,0
2025-09-23T14:29:59Z,0.4369,0.4372,0.4369,0.4369,157727.6,0.43112641239845684,1,0
2025-09-23T14:30:59Z,0.4369,0.4371,0.4365,0.4368,418515.4,0.4311352465499338,1,0
2025-09-23T14:31:59Z,0.4369,0.4373,0.4361,0.4364,101243.0,0.43113722887613964,1,0
2025-09-23T14:32:59Z,0.4364,0.437,0.4361,0.4363,230722.7,0.43114165509395147,1,0
2025-09-23T14:33:59Z,0.4364,0.4367,0.4359,0.4359,280208.9,0.4311466044131942,1,0
2025-09-23T14:34:59Z,0.4359,0.4359,0.4343,0.4345,763179.9,0.4311560774833469,1,0
2025-09-23T14:35:59Z,0.4345,0.4345,0.4333,0.434,1957857.4,0.4311765391903771,1,0
2025-09-23T14:36:59Z,0.434,0.4342,0.4331,0.4335,969181.5,0.43118478511701547,1,0
2025-09-23T14:37:59Z,0.4336,0.4344,0.4336,0.4342,476236.6,0.4311900341986833,1,0
2025-09-23T14:38:59Z,0.4343,0.4348,0.4339,0.4342,508952.4,0.43119562370930004,1,0
2025-09-23T14:39:59Z,0.4342,0.4348,0.4342,0.4348,244774.2,0.43119883990987884,1,0
2025-09-23T14:40:59Z,0.4349,0.4351,0.4343,0.435,165293.4,0.4312011289711849,1,0
2025-09-23T14:41:59Z,0.4351,0.4364,0.4351,0.4363,260134.2,0.4312059567329704,1,0
2025-09-23T14:42:59Z,0.4363,0.4369,0.4362,0.4366,282734.9,0.431211501987684,1,0
2025-09-23T14:43:59Z,0.4366,0.4368,0.4362,0.4364,329188.3,0.4312177048792136,1,0
2025-09-23T14:44:59Z,0.4365,0.4367,0.4363,0.4363,72587.6,0.4312190442967691,1,0
2025-09-23T14:45:59Z,0.4364,0.4364,0.4358,0.4358,559549.3,0.4312283319654247,1,0
2025-09-23T14:46:59Z,0.4358,0.4358,0.4348,0.4351,201636.9,0.43123115855795774,1,0
2025-09-23T14:47:59Z,0.4352,0.4357,0.435,0.4355,209996.8,0.43123440186225565,1,0
2025-09-23T14:48:59Z,0.4355,0.4357,0.4348,0.4353,177277.0,0.4312370077960584,1,0
2025-09-23T14:49:59Z,0.4353,0.4355,0.435,0.435,88619.6,0.4312382131386629,1,0
2025-09-23T14:50:59Z,0.4351,0.4351,0.4344,0.4346,504413.8,0.4312443311947488,1,0
2025-09-23T14:51:59Z,0.4347,0.435,0.4343,0.435,278597.6,0.43124810243900547,1,0
2025-09-23T14:52:59Z,0.435,0.4352,0.4345,0.4347,351177.4,0.43125246614119295,1,0
2025-09-23T14:53:59Z,0.4346,0.4347,0.4344,0.4347,267276.4,0.43125577990960595,1,0
2025-09-23T14:54:59Z,0.4347,0.4353,0.4347,0.4352,417492.6,0.4312616929569308,1,0
2025-09-23T14:55:59Z,0.4352,0.436,0.4351,0.4355,145935.3,0.43126391282250565,1,0
2025-09-23T14:56:59Z,0.4356,0.4356,0.4352,0.4355,110765.2,0.43126559615348753,1,0
2025-09-23T14:57:59Z,0.4355,0.4355,0.4345,0.4348,256006.4,0.43126883932258847,1,0
2025-09-23T14:58:59Z,0.4347,0.4349,0.4344,0.4346,193262.3,0.4312711452444682,1,0
2025-09-23T14:59:59Z,0.4346,0.4348,0.4342,0.4342,194751.9,0.43127318688162675,1,0
2025-09-23T15:00:59Z,0.4342,0.4346,0.4334,0.4334,810632.6,0.4312793399839336,1,0
2025-09-23T15:01:59Z,0.4334,0.4338,0.4325,0.433,826927.5,0.4312844031644559,1,0
2025-09-23T15:02:59Z,0.433,0.4334,0.4325,0.4326,385644.3,0.4312862060787209,1,0
2025-09-23T15:03:59Z,0.4325,0.433,0.4318,0.4319,1537631.6,0.4312895416763273,1,0
2025-09-23T15:04:59Z,0.4321,0.4333,0.4321,0.4332,364623.6,0.43129200046845045,1,0
2025-09-23T15:05:59Z,0.4332,0.4342,0.4332,0.4341,243163.7,0.4312944085026479,1,0
2025-09-23T15:06:59Z,0.4342,0.4346,0.434,0.4343,167214.3,0.43129617989274066,1,0
2025-09-23T15:07:59Z,0.4343,0.4348,0.4339,0.4341,315192.5,0.43129929128423855,1,0
2025-09-23T15:08:59Z,0.4341,0.4342,0.4338,0.4341,331057.2,0.4313025518556942,1,0
2025-09-23T15:09:59Z,0.4341,0.4352,0.434,0.435,148038.7,0.43130447571835007,1,0
2025-09-23T15:10:59Z,0.4351,0.4358,0.4351,0.4356,533603.3,0.4313125168586973,1,0
2025-09-23T15:11:59Z,0.4356,0.4366,0.4356,0.4364,362341.9,0.4313189756728561,1,0
2025-09-23T15:12:59Z,0.4365,0.4378,0.4365,0.4372,788811.9,0.4313351847778621,1,0
2025-09-23T15:13:59Z,0.4373,0.438,0.4372,0.4374,484170.1,0.43134542746855925,1,0
2025-09-23T15:14:59Z,0.4375,0.4376,0.437,0.4371,354786.3,0.4313525402800072,1,0
2025-09-23T15:15:59Z,0.4371,0.4375,0.437,0.4373,608689.6,0.4313651257312327,1,0
2025-09-23T15:16:59Z,0.4374,0.4376,0.437,0.4371,241844.2,0.4313699433894808,1,0
2025-09-23T15:17:59Z,0.4371,0.4372,0.4365,0.4371,257227.8,0.43137505862175485,1,0
2025-09-23T15:18:59Z,0.4371,0.4372,0.4367,0.4372,141512.5,0.43137791793456026,1,0
2025-09-23T15:19:59Z,0.4371,0.4373,0.4368,0.4368,104080.9,0.43137987477613254,1,0
2025-09-23T15:20:59Z,0.4368,0.4369,0.4359,0.4363,234640.2,0.431383874628027,1,0
2025-09-23T15:21:59Z,0.4362,0.4363,0.4357,0.4359,147306.6,0.4313861783599168,1,0
2025-09-23T15:22:59Z,0.4359,0.4364,0.4359,0.4363,81784.2,0.4313875696239459,1,0
2025-09-23T15:23:59Z,0.4364,0.4378,0.4364,0.4377,214593.4,0.4313922557201192,1,0
2025-09-23T15:24:59Z,0.4378,0.4391,0.4377,0.4389,442059.4,0.4314037194171352,1,0
2025-09-23T15:25:59Z,0.439,0.4394,0.4386,0.4389,428303.8,0.4314147930555108,1,0
2025-09-23T15:26:59Z,0.4389,0.4403,0.4389,0.4396,1147304.2,0.4314470546398129,1,0
2025-09-23T15:27:59Z,0.4397,0.4401,0.4393,0.4393,422781.2,0.43145844389606847,1,0
2025-09-23T15:28:59Z,0.4394,0.4397,0.4392,0.4396,359307.9,0.431468466633109,1,0
2025-09-23T15:29:59Z,0.4396,0.4398,0.439,0.4391,357596.9,0.43147780532253255,1,0
2025-09-23T15:30:59Z,0.439,0.4396,0.4389,0.4391,323084.0,0.4314862230716772,1,0
2025-09-23T15:31:59Z,0.4391,0.4391,0.4384,0.4386,182069.3,0.4314906476028145,1,0
2025-09-23T15:32:59Z,0.4386,0.4388,0.4382,0.4383,180857.6,0.43149485200863197,1,0
2025-09-23T15:33:59Z,0.4382,0.4386,0.4382,0.4384,174645.5,0.43149896666507925,1,0
2025-09-23T15:34:59Z,0.4383,0.439,0.438,0.4388,337614.6,0.4315073672350316,1,0
2025-09-23T15:35:59Z,0.4388,0.4395,0.4388,0.4393,276336.1,0.4315146991298649,1,0
2025-09-23T15:36:59Z,0.4393,0.4396,0.439,0.4392,210846.2,0.4315202124013665,1,0
2025-09-23T15:37:59Z,0.4392,0.4398,0.4391,0.4396,383734.8,0.4315307477086612,1,0
2025-09-23T15:38:59Z,0.4395,0.4399,0.4391,0.4397,91552.0,0.4315332882785068,1,0
2025-09-23T15:39:59Z,0.4396,0.4403,0.4395,0.4395,208006.6,0.4315389133812432,1,0
2025-09-23T15:40:59Z,0.4394,0.4395,0.439,0.4392,109892.7,0.4315417701262918,1,0
2025-09-23T15:41:59Z,0.4391,0.4392,0.4384,0.4386,271601.9,0.43154826904051774,1,0
2025-09-23T15:42:59Z,0.4386,0.4387,0.4378,0.4379,262035.9,0.4315539064485308,1,0
2025-09-23T15:43:59Z,0.438,0.4382,0.4375,0.4377,317696.9,0.43156051295163195,1,0
2025-09-23T15:44:59Z,0.4376,0.4378,0.4375,0.4376,241768.9,0.43156544928947654,1,0
2025-09-23T15:45:59Z,0.4376,0.438,0.4375,0.4376,105609.3,0.4315676030452892,1,0
2025-09-23T15:46:59Z,0.4376,0.4379,0.4372,0.4379,247596.9,0.4315728972343776,1,0
2025-09-23T15:47:59Z,0.4379,0.4385,0.4377,0.4381,261559.6,0.4315786568543864,1,0
