ts_utc,mark_price,index_price,basis_pct
2025-09-21T11:44:59Z,0.48754654,0.48805445,-0.10406830631295438
2025-09-21T11:45:59Z,0.48728256,0.48781444,-0.10903326272999614
2025-09-21T11:46:59Z,0.4873,0.48775991,-0.09429024209882675
2025-09-21T11:47:59Z,0.4866,0.4871127,-0.10525285011045993
2025-09-21T11:48:59Z,0.48606399,0.48659647,-0.10942948270874497
2025-09-21T11:49:59Z,0.4859,0.48645081,-0.11323035930396186
2025-09-21T11:50:59Z,0.4859,0.48625165,-0.072318520667225
2025-09-21T11:51:59Z,0.48575688,0.48622457,-0.09618806388167478
2025-09-21T11:52:59Z,0.4859121,0.48635395,-0.09084947289931256
2025-09-21T11:53:59Z,0.48637365,0.48672463,-0.07211058951341887
2025-09-21T11:54:59Z,0.4865466,0.4868907,-0.07067294569397253
2025-09-21T11:55:59Z,0.4866,0.48670946,-0.022489803259628793
2025-09-21T11:56:59Z,0.48649087,0.48678337,-0.0600883304620603
2025-09-21T11:57:59Z,0.48681348,0.48702468,-0.04336535881507286
2025-09-21T11:58:59Z,0.48633227,0.48664145,-0.06353342897527092
2025-09-21T11:59:59Z,0.4863245,0.48677268,-0.09207172432109667
2025-09-21T12:00:59Z,0.4865,0.48675746,-0.05289287194488734
2025-09-21T12:01:59Z,0.48702967,0.48723443,-0.042024944747842685
2025-09-21T12:02:59Z,0.4871,0.4873779,-0.057019409374126084
2025-09-21T12:03:59Z,0.48730971,0.48757043,-0.05347330025735619
2025-09-21T12:04:59Z,0.48791197,0.48817949,-0.05479951646473191
2025-09-21T12:05:59Z,0.48826094,0.48855199,-0.05957400767112597
2025-09-21T12:06:59Z,0.48832563,0.48866376,-0.06919481813015826
2025-09-21T12:07:59Z,0.4882,0.4885181,-0.06511529460218046
2025-09-21T12:08:59Z,0.48843823,0.4887477,-0.06331896804834258
2025-09-21T12:09:59Z,0.4888,0.48901523,-0.04401294413672874
2025-09-21T12:10:59Z,0.4887,0.48891958,-0.04491127150194618
2025-09-21T12:11:59Z,0.4891,0.48913479,-0.007112558891997356
2025-09-21T12:12:59Z,0.48898044,0.48923045,-0.05110270630128699
2025-09-21T12:13:59Z,0.4889,0.48917741,-0.05670948705500667
2025-09-21T12:14:59Z,0.4888,0.4890261,-0.046234751069529345
2025-09-21T12:15:59Z,0.4888,0.48909567,-0.060452385522036245
2025-09-21T12:16:59Z,0.48865347,0.48900867,-0.07263674895580108
2025-09-21T12:17:59Z,0.48951702,0.48971809,-0.04105831581593389
2025-09-21T12:18:59Z,0.48930551,0.48964852,-0.07005228975265343
2025-09-21T12:19:59Z,0.4895485,0.48983297,-0.05807489846998415
2025-09-21T12:20:59Z,0.4897,0.48996123,-0.05331646342712215
2025-09-21T12:21:59Z,0.48970217,0.49007645,-0.07637175791654904
2025-09-21T12:22:59Z,0.49023398,0.49038731,-0.03126712230787643
2025-09-21T12:23:59Z,0.49,0.49025471,-0.05195462579034027
2025-09-21T12:24:59Z,0.48963909,0.49002679,-0.07911812331730106
2025-09-21T12:25:59Z,0.4894,0.48978068,-0.07772458480804767
2025-09-21T12:26:59Z,0.48937297,0.48981111,-0.0894508089046786
2025-09-21T12:27:59Z,0.48927739,0.48970242,-0.08679352656660866
2025-09-21T12:28:59Z,0.48908833,0.48955676,-0.09568451265997702
2025-09-21T12:29:59Z,0.4891,0.48942416,-0.06623293790809504
2025-09-21T12:30:59Z,0.4899,0.48999155,-0.01868399567298562
2025-09-21T12:31:59Z,0.4895,0.48981981,-0.06529135683590592
2025-09-21T12:32:59Z,0.4897,0.48994155,-0.04930179936769585
2025-09-21T12:33:59Z,0.48947826,0.48978503,-0.06263360070437596
2025-09-21T12:34:59Z,0.4899,0.48998736,-0.017829031344807067
2025-09-21T12:35:59Z,0.4902,0.49033954,-0.028457831485506624
2025-09-21T12:36:59Z,0.48990992,0.4901591,-0.05083655490636385
2025-09-21T12:37:59Z,0.49034137,0.49046444,-0.025092542896687497
2025-09-21T12:38:59Z,0.4899,0.49017531,-0.05616561960249955
2025-09-21T12:39:59Z,0.48943826,0.48973175,-0.059928726287405976
2025-09-21T12:40:59Z,0.489,0.48933797,-0.06906678425139257
2025-09-21T12:41:59Z,0.48912339,0.48936406,-0.04918015434153267
2025-09-21T12:42:59Z,0.48906705,0.48943491,-0.07516014744431976
2025-09-21T12:43:59Z,0.4885,0.4889584,-0.09375030677456486
2025-09-21T12:44:59Z,0.48881312,0.48912361,-0.06347884126877146
2025-09-21T12:45:59Z,0.4879,0.48837483,-0.09722655035272476
2025-09-21T12:46:59Z,0.48750319,0.488058,-0.11367706297202851
2025-09-21T12:47:59Z,0.48792014,0.48819931,-0.05718361216037193
2025-09-21T12:48:59Z,0.4878,0.48817105,-0.07600819425895855
2025-09-21T12:49:59Z,0.48775942,0.48811452,-0.07274932120437949
2025-09-21T12:50:59Z,0.48850333,0.48867757,-0.035655411808643844
2025-09-21T12:51:59Z,0.4889,0.489008,-0.02208552825311294
2025-09-21T12:52:59Z,0.4888,0.48904495,-0.05008742038946634
2025-09-21T12:53:59Z,0.4886,0.48884061,-0.049220542458616734
2025-09-21T12:54:59Z,0.48828196,0.48862539,-0.07028492727322311
2025-09-21T12:55:59Z,0.48821971,0.48857756,-0.0732432328656385
2025-09-21T12:56:59Z,0.4879,0.48820815,-0.06311856940528493
2025-09-21T12:57:59Z,0.48770807,0.48812061,-0.08451599697869572
2025-09-21T12:58:59Z,0.48774608,0.48810313,-0.0731505245622932
2025-09-21T12:59:59Z,0.48764768,0.48805313,-0.08307497177613143
2025-09-21T13:00:59Z,0.48758985,0.48796251,-0.0763706211774351
2025-09-21T13:01:59Z,0.48839235,0.48857619,-0.03762770347037758
2025-09-21T13:02:59Z,0.4886,0.48881791,-0.04457897215756068
2025-09-21T13:03:59Z,0.48841978,0.48870488,-0.05833786640313532
2025-09-21T13:04:59Z,0.4883,0.48852443,-0.04594038418918034
2025-09-21T13:05:59Z,0.48933445,0.4895656,-0.04721532722070654
2025-09-21T13:06:59Z,0.4894,0.48964147,-0.04931567581479834
2025-09-21T13:07:59Z,0.4893,0.48956756,-0.054652313972769484
2025-09-21T13:08:59Z,0.48922601,0.48958495,-0.07331516215930423
2025-09-21T13:09:59Z,0.4889,0.48930654,-0.08308493076752965
2025-09-21T13:10:59Z,0.48861884,0.48916958,-0.11258672299286898
2025-09-21T13:11:59Z,0.48854777,0.4890212,-0.09681175376445861
2025-09-21T13:12:59Z,0.48853384,0.48897772,-0.09077714215690591
2025-09-21T13:13:59Z,0.48854514,0.48890409,-0.07341930806920027
2025-09-21T13:14:59Z,0.48860703,0.48898453,-0.07720080633225601
2025-09-21T13:15:59Z,0.4882,0.48863228,-0.08846734399126088
2025-09-21T13:16:59Z,0.48853355,0.48892327,-0.07970984895033784
2025-09-21T13:17:59Z,0.48821623,0.48872545,-0.10419346895071957
2025-09-21T13:18:59Z,0.4881,0.4885624,-0.09464502384957107
2025-09-21T13:19:59Z,0.48782748,0.48836054,-0.10915296309567113
2025-09-21T13:20:59Z,0.4879,0.48835363,-0.09288965457264764
2025-09-21T13:21:59Z,0.4882,0.4884288,-0.046844084542096986
2025-09-21T13:22:59Z,0.4884,0.48860924,-0.04282358638980632
2025-09-21T13:23:59Z,0.4888,0.4888575,-0.0117621188178485
2025-09-21T13:24:59Z,0.4884,0.48854205,-0.029076309807929412
2025-09-21T13:25:59Z,0.4880037,0.48838988,-0.0790720725007632
2025-09-21T13:26:59Z,0.4881,0.48840944,-0.06335667877345186
2025-09-21T13:27:59Z,0.48874,0.48888987,-0.030655165753379343
2025-09-21T13:28:59Z,0.48870123,0.48887683,-0.035919067794643045
2025-09-21T13:29:59Z,0.4888,0.48889084,-0.018580834936476887
2025-09-21T13:30:59Z,0.4899,0.4900274,-0.025998546203742645
2025-09-21T13:31:59Z,0.4894,0.4897687,-0.07528043339641854
2025-09-21T13:32:59Z,0.4891,0.48948676,-0.07901337310942669
2025-09-21T13:33:59Z,0.4895,0.48967795,-0.03634021094884865
2025-09-21T13:34:59Z,0.48970174,0.48982142,-0.024433394521616858
2025-09-21T13:35:59Z,0.48900902,0.48939485,-0.07883818148065602
2025-09-21T13:36:59Z,0.48901303,0.48934676,-0.06819908238484551
2025-09-21T13:37:59Z,0.4884,0.48875981,-0.07361693671171787
2025-09-21T13:38:59Z,0.4883,0.48872536,-0.08703456681682376
2025-09-21T13:39:59Z,0.4883,0.48867101,-0.07592224470200915
2025-09-21T13:40:59Z,0.4878,0.48825428,-0.0930416831164238
2025-09-21T13:41:59Z,0.48808703,0.48828123,-0.03977216162907027
2025-09-21T13:42:59Z,0.48772043,0.48812253,-0.0823768573026129
2025-09-21T13:43:59Z,0.48800341,0.48820515,-0.041322792272868725
2025-09-21T13:44:59Z,0.4881,0.4882508,-0.030885766085786415
2025-09-21T13:45:59Z,0.4886,0.48864645,-0.009505850293201057
2025-09-21T13:46:59Z,0.4885,0.48863775,-0.028190617691736808
2025-09-21T13:47:59Z,0.48896036,0.48900297,-0.008713648508107408
2025-09-21T13:48:59Z,0.4891,0.48933425,-0.04787116372909628
2025-09-21T13:49:59Z,0.4892,0.48931289,-0.023071127351659282
2025-09-21T13:50:59Z,0.4893,0.48950419,-0.04171363681279017
2025-09-21T13:51:59Z,0.4893,0.48949332,-0.03949389952859761
2025-09-21T13:52:59Z,0.4896,0.48971506,-0.023495295407083283
2025-09-21T13:53:59Z,0.48967384,0.48981506,-0.028831289915831615
2025-09-21T13:54:59Z,0.48954334,0.48976506,-0.0452706854996876
2025-09-21T13:55:59Z,0.48966073,0.48983898,-0.036389509058665226
2025-09-21T13:56:59Z,0.4893,0.48957811,-0.05680605286866314
2025-09-21T13:57:59Z,0.48914355,0.48956289,-0.08565600223496839
2025-09-21T13:58:59Z,0.4895,0.48961723,-0.02394319333901551
2025-09-21T13:59:59Z,0.4896,0.48975201,-0.031038157454432724
2025-09-21T14:00:59Z,0.4898,0.48992593,-0.025703885483263633
2025-09-21T14:01:59Z,0.4899,0.49000853,-0.022148594025495072
2025-09-21T14:02:59Z,0.49004311,0.49013568,-0.018886607071744166
2025-09-21T14:03:59Z,0.4898,0.48991937,-0.024365233813883336
2025-09-21T14:04:59Z,0.48932898,0.48965633,-0.06685301096790441
2025-09-21T14:05:59Z,0.4887247,0.4891763,-0.09231845451220799
2025-09-21T14:06:59Z,0.4885,0.4888317,-0.06785566484334149
2025-09-21T14:07:59Z,0.48824724,0.48862301,-0.0769038690994095
2025-09-21T14:08:59Z,0.4885,0.48883245,-0.06800898753754892
2025-09-21T14:09:59Z,0.4883,0.48868027,-0.07781570555325246
2025-09-21T14:10:59Z,0.48808326,0.48853679,-0.09283435951670249
2025-09-21T14:11:59Z,0.4882,0.4885281,-0.06716092687401032
2025-09-21T14:12:59Z,0.48837631,0.48870201,-0.06664593010371478
2025-09-21T14:13:59Z,0.48840761,0.48874114,-0.06824266931979572
2025-09-21T14:14:59Z,0.4887,0.48902215,-0.06587636163309929
2025-09-21T14:15:59Z,0.4886,0.4889504,-0.07166371067495181
2025-09-21T14:16:59Z,0.4882,0.48857182,-0.07610344780015765
2025-09-21T14:17:59Z,0.48815819,0.48857617,-0.08555063174693345
2025-09-21T14:18:59Z,0.4882,0.48847617,-0.05653704662808012
2025-09-21T14:19:59Z,0.48823811,0.48858673,-0.07135273608434023
2025-09-21T14:20:59Z,0.48761703,0.48790111,-0.058224913651050425
2025-09-21T14:21:59Z,0.4879,0.48807067,-0.03496829670178725
2025-09-21T14:22:59Z,0.4879112,0.48821901,-0.06304752451159468
2025-09-21T14:23:59Z,0.4873,0.48749985,-0.04099488440868493
2025-09-21T14:24:59Z,0.48758305,0.48764568,-0.012843341501556083
2025-09-21T14:25:59Z,0.4869,0.48706643,-0.03416987699192964
2025-09-21T14:26:59Z,0.4865,0.48668914,-0.03886258896181882
2025-09-21T14:27:59Z,0.4867,0.48686518,-0.03392725682291875
2025-09-21T14:28:59Z,0.48661334,0.48685143,-0.048904036288843766
2025-09-21T14:29:59Z,0.48662886,0.48682534,-0.040359443902404646
2025-09-21T14:30:59Z,0.4866,0.48674707,-0.030214871144473854
2025-09-21T14:31:59Z,0.48679014,0.48697352,-0.03765707835613474
2025-09-21T14:32:59Z,0.4867,0.48682108,-0.0248715606152472
2025-09-21T14:33:59Z,0.4872,0.48724862,-0.009978478748695618
2025-09-21T14:34:59Z,0.48714492,0.48727905,-0.027526321929915998
2025-09-21T14:35:59Z,0.4871,0.4872421,-0.029164146530036295
2025-09-21T14:36:59Z,0.4871,0.4872421,-0.029164146530036295
2025-09-21T14:37:59Z,0.48720435,0.487366,-0.03316809133177001
2025-09-21T14:38:59Z,0.4873,0.48734645,-0.00953120721408629
2025-09-21T14:39:59Z,0.48720234,0.48739899,-0.04034682139985035
2025-09-21T14:40:59Z,0.48670897,0.48699091,-0.05789430443372545
2025-09-21T14:41:59Z,0.4856359,0.48602892,-0.08086350087973537
2025-09-21T14:42:59Z,0.4863,0.48636885,-0.014155923020153782
2025-09-21T14:43:59Z,0.48738593,0.48736302,0.0047008080342303415
2025-09-21T14:44:59Z,0.4878669,0.48787884,-0.002447328931087789
2025-09-21T14:45:59Z,0.48879741,0.48884219,-0.009160420462073215
2025-09-21T14:46:59Z,0.48842353,0.48865696,-0.0477697074037331
2025-09-21T14:47:59Z,0.48804244,0.48829298,-0.05130935939320347
2025-09-21T14:48:59Z,0.48750489,0.4878821,-0.07731581052060621
2025-09-21T14:49:59Z,0.48761825,0.48789787,-0.05731117457020707
2025-09-21T14:50:59Z,0.48647967,0.48697413,-0.1015372212893606
2025-09-21T14:51:59Z,0.4869,0.48712413,-0.04601085969606622
2025-09-21T14:52:59Z,0.4871,0.4873775,-0.05693738426579831
2025-09-21T14:53:59Z,0.4868,0.48719248,-0.08055953573010699
2025-09-21T14:54:59Z,0.4869,0.48717677,-0.05681100106640358
2025-09-21T14:55:59Z,0.48608283,0.48651917,-0.08968608575073977
2025-09-21T14:56:59Z,0.4864,0.48658206,-0.037416093803377404
2025-09-21T14:57:59Z,0.48614998,0.48647283,-0.06636547410058258
2025-09-21T14:58:59Z,0.4862,0.48642718,-0.04670380466814672
2025-09-21T14:59:59Z,0.48614229,0.48637457,-0.04775743106799624
2025-09-21T15:00:59Z,0.48571457,0.48599196,-0.05707707592528255
2025-09-21T15:01:59Z,0.4858,0.48606153,-0.053805945103291286
2025-09-21T15:02:59Z,0.48541604,0.48580501,-0.08006710346605272
2025-09-21T15:03:59Z,0.48552261,0.48590935,-0.07959097720593444
2025-09-21T15:04:59Z,0.48549529,0.4858637,-0.07582579229524766
2025-09-21T15:05:59Z,0.48584321,0.48613493,-0.060008031103631065
2025-09-21T15:06:59Z,0.4857,0.48600884,-0.06354616924251211
2025-09-21T15:07:59Z,0.4858,0.48601536,-0.04431135674395348
2025-09-21T15:08:59Z,0.48624379,0.48647582,-0.047696101319072426
2025-09-21T15:09:59Z,0.48631051,0.48654595,-0.04839008525300281
2025-09-21T15:10:59Z,0.48611515,0.48646735,-0.0723995145820222
2025-09-21T15:11:59Z,0.48602833,0.4863828,-0.07287881068163138
2025-09-21T15:12:59Z,0.48655811,0.48676637,-0.04278438545374241
2025-09-21T15:13:59Z,0.4868,0.48684897,-0.010058560871550881
2025-09-21T15:14:59Z,0.4868,0.48689463,-0.019435416652668902
2025-09-21T15:15:59Z,0.48595135,0.48637396,-0.08688993136063417
2025-09-21T15:16:59Z,0.4864642,0.48669135,-0.046672290354043966
2025-09-21T15:17:59Z,0.4861,0.48638918,-0.059454447568096924
2025-09-21T15:18:59Z,0.48651761,0.48678048,-0.05400175454858269
2025-09-21T15:19:59Z,0.48706363,0.48705957,0.0008335736016995554
2025-09-21T15:20:59Z,0.48770275,0.48783857,-0.027841177051668442
2025-09-21T15:21:59Z,0.48776007,0.4879277,-0.03435549980048691
2025-09-21T15:22:59Z,0.48737069,0.48765651,-0.058610926777125094
2025-09-21T15:23:59Z,0.4867,0.48710591,-0.08333095363182164
2025-09-21T15:24:59Z,0.4866,0.48688549,-0.05863596386903591
2025-09-21T15:25:59Z,0.4863,0.4866622,-0.07442534061613548
2025-09-21T15:26:59Z,0.48651776,0.48682524,-0.0631602420613997
2025-09-21T15:27:59Z,0.4862,0.48658827,-0.0797943608463858
2025-09-21T15:28:59Z,0.48590522,0.48618544,-0.05763644423412151
2025-09-21T15:29:59Z,0.4856,0.48590065,-0.061874788601334885
2025-09-21T15:30:59Z,0.486,0.48612022,-0.024730508021242326
2025-09-21T15:31:59Z,0.4860142,0.4862331,-0.04501955954869796
2025-09-21T15:32:59Z,0.48520224,0.48565484,-0.09319375876084557
2025-09-21T15:33:59Z,0.48477253,0.48527112,-0.10274462655021077
2025-09-21T15:34:59Z,0.48433181,0.48469836,-0.075624353257564
2025-09-21T15:35:59Z,0.4848,0.48499184,-0.03955530468305879
2025-09-21T15:36:59Z,0.48533951,0.4854856,-0.030091520737185462
2025-09-21T15:37:59Z,0.48530981,0.48554748,-0.04894886901688489
2025-09-21T15:38:59Z,0.4847,0.48505042,-0.07224403599114249
2025-09-21T15:39:59Z,0.4851,0.48523929,-0.028705424904895693
2025-09-21T15:40:59Z,0.48482703,0.48505886,-0.04779419965651455
2025-09-21T15:41:59Z,0.48536729,0.48553131,-0.033781549535905064
2025-09-21T15:42:59Z,0.48592196,0.4859659,-0.009041786676811103
2025-09-21T15:43:59Z,0.4861,0.48615586,-0.011490142276593396
2025-09-21T15:44:59Z,0.4861,0.48617977,-0.016407511155813737
2025-09-21T15:45:59Z,0.48664217,0.48680317,-0.033072915281140425
2025-09-21T15:46:59Z,0.48588593,0.48623118,-0.07100531891023332
2025-09-21T15:47:59Z,0.485,0.48549001,-0.10093101606767352
2025-09-21T15:48:59Z,0.48516247,0.4853893,-0.046731561655766196
2025-09-21T15:49:59Z,0.4854,0.4856324,-0.04785512663488811
2025-09-21T15:50:59Z,0.4857,0.48584526,-0.029898408394468667
2025-09-21T15:51:59Z,0.4852,0.48550398,-0.06261122720353507
2025-09-21T15:52:59Z,0.4854,0.48562771,-0.04688982842432354
2025-09-21T15:53:59Z,0.48515573,0.48544478,-0.05954333261138922
2025-09-21T15:54:59Z,0.485,0.48532305,-0.06656391036856668
2025-09-21T15:55:59Z,0.48470074,0.48511518,-0.08543125778912586
2025-09-21T15:56:59Z,0.4845,0.48486298,-0.07486238689536906
2025-09-21T15:57:59Z,0.48526519,0.48540649,-0.02910962315316734
2025-09-21T15:58:59Z,0.4848,0.48510856,-0.06360638121908346
2025-09-21T15:59:59Z,0.4849,0.48523471,-0.0689789895698123
2025-09-21T16:00:59Z,0.485,0.4853382,-0.06968336718601309
2025-09-21T16:01:59Z,0.48536239,0.48556992,-0.04273946788136973
2025-09-21T16:02:59Z,0.48514036,0.48544601,-0.06296271752238569
2025-09-21T16:03:59Z,0.48500152,0.48533855,-0.06944224809670718
2025-09-21T16:04:59Z,0.48546463,0.48560299,-0.028492411053726574
2025-09-21T16:05:59Z,0.48531123,0.48549651,-0.03816299317991323
2025-09-21T16:06:59Z,0.4851613,0.48544218,-0.05786064985122685
2025-09-21T16:07:59Z,0.4851,0.48536579,-0.05476076095104476
2025-09-21T16:08:59Z,0.48562637,0.48584685,-0.04538055562159915
2025-09-21T16:09:59Z,0.4859,0.48608163,-0.037366151853956975
2025-09-21T16:10:59Z,0.4852471,0.48567294,-0.08768040484199435
2025-09-21T16:11:59Z,0.48556435,0.4858925,-0.06753551454282691
2025-09-21T16:12:59Z,0.48579819,0.48606424,-0.054735563348573546
2025-09-21T16:13:59Z,0.48552442,0.48585989,-0.06904665458183912
2025-09-21T16:14:59Z,0.48501171,0.4854851,-0.09750865680533405
2025-09-21T16:15:59Z,0.4849,0.48526705,-0.07563876426391891
2025-09-21T16:16:59Z,0.4843,0.48475901,-0.09468828645391447
2025-09-21T16:17:59Z,0.4835,0.48388118,-0.0787755374160315
2025-09-21T16:18:59Z,0.48348728,0.48393414,-0.09233901125471622
2025-09-21T16:19:59Z,0.4833,0.48380023,-0.10339598226317692
2025-09-21T16:20:59Z,0.4832,0.48359398,-0.08146916965342532
2025-09-21T16:21:59Z,0.483,0.48320789,-0.043022890209842846
2025-09-21T16:22:59Z,0.48287181,0.48321876,-0.07179977863442932
2025-09-21T16:23:59Z,0.483,0.48325643,-0.053062925619018486
2025-09-21T16:24:59Z,0.4825,0.48290098,-0.08303565670958468
2025-09-21T16:25:59Z,0.48424378,0.48430061,-0.01173444733014728
2025-09-21T16:26:59Z,0.4836,0.48381797,-0.0450520678262567
2025-09-21T16:27:59Z,0.4838,0.48390583,-0.021869957632036918
2025-09-21T16:28:59Z,0.48474598,0.48475762,-0.0024012000058859506
2025-09-21T16:29:59Z,0.48475914,0.48492718,-0.034652625575670726
2025-09-21T16:30:59Z,0.4847,0.48486806,-0.03466097560642645
2025-09-21T16:31:59Z,0.4846078,0.48488673,-0.05752477490980068
2025-09-21T16:32:59Z,0.4836,0.4839961,-0.08183950242574012
2025-09-21T16:33:59Z,0.4838,0.48402436,-0.04635303892556175
2025-09-21T16:34:59Z,0.4841,0.48433846,-0.04923416571132044
2025-09-21T16:35:59Z,0.4831,0.48353088,-0.08911116493739435
2025-09-21T16:36:59Z,0.48274536,0.48319515,-0.09308661314171296
2025-09-21T16:37:59Z,0.4823,0.48268814,-0.08041216840338761
2025-09-21T16:38:59Z,0.4821,0.4825059,-0.0841233236733463
2025-09-21T16:39:59Z,0.48205551,0.482482,-0.0883950074821449
2025-09-21T16:40:59Z,0.4821316,0.48253199,-0.08297688200942233
2025-09-21T16:41:59Z,0.4812,0.48147939,-0.058027405908278595
2025-09-21T16:42:59Z,0.48063792,0.48093738,-0.062265902475711066
2025-09-21T16:43:59Z,0.48108907,0.48110649,-0.0036208199976628386
2025-09-21T16:44:59Z,0.4808,0.48113964,-0.07059073328482546
2025-09-21T16:45:59Z,0.48,0.48040193,-0.08366535912959217
2025-09-21T16:46:59Z,0.48072212,0.48096533,-0.05056705438624132
2025-09-21T16:47:59Z,0.48072608,0.48101979,-0.061059857849088406
2025-09-21T16:48:59Z,0.48047604,0.48054542,-0.014437761158980766
2025-09-21T16:49:59Z,0.48,0.48019281,-0.040152621193978444
2025-09-21T16:50:59Z,0.48082353,0.48084066,-0.003562510707799671
2025-09-21T16:51:59Z,0.4814,0.48149788,-0.02032823072866119
2025-09-21T16:52:59Z,0.4812,0.48130657,-0.022141812857445764
2025-09-21T16:53:59Z,0.48130065,0.48165794,-0.07417919862382494
2025-09-21T16:54:59Z,0.4812,0.48157034,-0.07690257668276912
2025-09-21T16:55:59Z,0.48094937,0.4813443,-0.08204729961485135
2025-09-21T16:56:59Z,0.48149196,0.48175514,-0.0546294119456725
2025-09-21T16:57:59Z,0.4812,0.48152688,-0.06788406080258103
2025-09-21T16:58:59Z,0.482,0.48212012,-0.02491495273003741
2025-09-21T16:59:59Z,0.48236057,0.48253533,-0.03621703720637637
2025-09-21T17:00:59Z,0.48293238,0.48299075,-0.012085117572135928
2025-09-21T17:01:59Z,0.4819,0.48221806,-0.06595771216034718
2025-09-21T17:02:59Z,0.4813,0.48165497,-0.07369798343407341
2025-09-21T17:03:59Z,0.4808,0.48106323,-0.05471837870461016
2025-09-21T17:04:59Z,0.48045488,0.4809295,-0.09868806134787356
2025-09-21T17:05:59Z,0.481,0.48136089,-0.07497285456655733
2025-09-21T17:06:59Z,0.48114515,0.4814929,-0.0722232871969597
2025-09-21T17:07:59Z,0.4809,0.4811241,-0.04657841916462235
2025-09-21T17:08:59Z,0.48054742,0.4810478,-0.10401876902877971
2025-09-21T17:09:59Z,0.48050493,0.48077295,-0.05574772873556677
2025-09-21T17:10:59Z,0.4808,0.48093985,-0.029078480396249606
2025-09-21T17:11:59Z,0.48014423,0.48063985,-0.10311670994403999
2025-09-21T17:12:59Z,0.48067406,0.48095667,-0.05875997103854669
2025-09-21T17:13:59Z,0.4804,0.48083579,-0.09063177264737599
2025-09-21T17:14:59Z,0.4802,0.48060071,-0.08337690553973376
2025-09-21T17:15:59Z,0.4795,0.48000757,-0.10574208235925031
2025-09-21T17:16:59Z,0.479,0.47940931,-0.08537798316849976
2025-09-21T17:17:59Z,0.48032417,0.48046132,-0.028545482079600504
2025-09-21T17:18:59Z,0.4807,0.48081732,-0.024400119363410244
2025-09-21T17:19:59Z,0.48066797,0.48084516,-0.036849700223662296
2025-09-21T17:20:59Z,0.4799,0.48027793,-0.07868985360206526
2025-09-21T17:21:59Z,0.48060504,0.48078374,-0.03716847828506564
2025-09-21T17:22:59Z,0.48114776,0.48134796,-0.041591533908247325
2025-09-21T17:23:59Z,0.48094333,0.48135883,-0.08631814233053259
2025-09-21T17:24:59Z,0.4809,0.48123415,-0.06943605311469092
2025-09-21T17:25:59Z,0.480705,0.48111677,-0.08558629124485462
2025-09-21T17:26:59Z,0.48098218,0.48125483,-0.05665397685463702
2025-09-21T17:27:59Z,0.4802,0.48062484,-0.08839326739749076
2025-09-21T17:28:59Z,0.48,0.48040291,-0.08386918388983977
2025-09-21T17:29:59Z,0.4807,0.48088817,-0.03912967956770652
2025-09-21T17:30:59Z,0.48033158,0.48077536,-0.09230506322120968
2025-09-21T17:31:59Z,0.48010986,0.48045933,-0.07273664557623238
2025-09-21T17:32:59Z,0.4803,0.48050886,-0.04346642016131996
2025-09-21T17:33:59Z,0.48130176,0.48142346,-0.025279200145333913
2025-09-21T17:34:59Z,0.4809,0.48115064,-0.05209179395460062
2025-09-21T17:35:59Z,0.48171758,0.48186613,-0.0308280642177583
2025-09-21T17:36:59Z,0.48167761,0.48183787,-0.03326015034891272
2025-09-21T17:37:59Z,0.4812,0.48155265,-0.07323186779265578
2025-09-21T17:38:59Z,0.4813,0.481355,-0.011426078465992529
2025-09-21T17:39:59Z,0.4819,0.48202262,-0.02543864020323472
2025-09-21T17:40:59Z,0.48245861,0.48250958,-0.010563520832063134
2025-09-21T17:41:59Z,0.4821,0.48239002,-0.06012147597912465
2025-09-21T17:42:59Z,0.48252167,0.48270395,-0.037762276442943055
2025-09-21T17:43:59Z,0.4823,0.48253995,-0.04972645270095999
2025-09-21T17:44:59Z,0.4826,0.4827186,-0.024569179642142114
2025-09-21T17:45:59Z,0.48239247,0.48271145,-0.06608088538193613
2025-09-21T17:46:59Z,0.48258761,0.48273937,-0.03143725360539307
2025-09-21T17:47:59Z,0.48247819,0.48270676,-0.04735172965053547
2025-09-21T17:48:59Z,0.4824,0.48262796,-0.04723306954699247
2025-09-21T17:49:59Z,0.48313926,0.48325228,-0.023387370257199613
2025-09-21T17:50:59Z,0.4831,0.48328489,-0.038256937848824
2025-09-21T17:51:59Z,0.48331992,0.4834581,-0.02858158752536699
2025-09-21T17:52:59Z,0.483805,0.48394314,-0.02854467572368513
2025-09-21T17:53:59Z,0.48411496,0.48422671,-0.023078033014745092
2025-09-21T17:54:59Z,0.48484899,0.48499343,-0.029781846735532636
2025-09-21T17:55:59Z,0.48502278,0.4852252,-0.041716712157580105
2025-09-21T17:56:59Z,0.48530096,0.48563997,-0.0698068571250321
2025-09-21T17:57:59Z,0.48565064,0.48589848,-0.051006539473019696
2025-09-21T17:58:59Z,0.48573203,0.4859362,-0.04201580372074076
2025-09-21T17:59:59Z,0.4857,0.48588979,-0.0390602980153143
2025-09-21T18:00:59Z,0.48643166,0.48640618,0.005238420284858769
2025-09-21T18:01:59Z,0.48596588,0.48615405,-0.03870583820086981
2025-09-21T18:02:59Z,0.48622058,0.486235,-0.002965644184382832
2025-09-21T18:03:59Z,0.48590707,0.48629052,-0.07885204095692266
2025-09-21T18:04:59Z,0.4861,0.48637537,-0.05661676494843615
2025-09-21T18:05:59Z,0.4864,0.48657754,-0.03648750412934554
2025-09-21T18:06:59Z,0.48643747,0.48671885,-0.05781160930997675
2025-09-21T18:07:59Z,0.48632942,0.48662102,-0.059923428708441584
2025-09-21T18:08:59Z,0.4862509,0.48659928,-0.0715948449410031
2025-09-21T18:09:59Z,0.48622529,0.48657537,-0.07194774367638157
2025-09-21T18:10:59Z,0.48654877,0.48682633,-0.05701417176838808
2025-09-21T18:11:59Z,0.48630127,0.48669678,-0.08126414972376983
2025-09-21T18:12:59Z,0.4860303,0.48643198,-0.08257680755281438
2025-09-21T18:13:59Z,0.4859,0.48626504,-0.07507017160847118
2025-09-21T18:14:59Z,0.4856,0.48608164,-0.0990862358018707
2025-09-21T18:15:59Z,0.4861,0.48618406,-0.017289748248838777
2025-09-21T18:16:59Z,0.48648108,0.48664058,-0.03277572947163465
2025-09-21T18:17:59Z,0.48538242,0.48585202,-0.09665494444173195
2025-09-21T18:18:59Z,0.48497572,0.48543071,-0.09372913386547221
2025-09-21T18:19:59Z,0.4849,0.48527048,-0.07634505193887531
2025-09-21T18:20:59Z,0.48501029,0.48532917,-0.06570386033050157
2025-09-21T18:21:59Z,0.48503703,0.48531179,-0.05661515043762222
2025-09-21T18:22:59Z,0.4848,0.4850763,-0.05696011122373612
2025-09-21T18:23:59Z,0.4847,0.48504587,-0.07130665806925895
2025-09-21T18:24:59Z,0.485,0.48524805,-0.051118185843301855
2025-09-21T18:25:59Z,0.4848,0.48503717,-0.048897283480353604
2025-09-21T18:26:59Z,0.4847,0.48493935,-0.04935668759401546
2025-09-21T18:27:59Z,0.4848,0.48497631,-0.036354353061085476
2025-09-21T18:28:59Z,0.48456042,0.48493935,-0.07813966839358422
2025-09-21T18:29:59Z,0.4847,0.48497576,-0.05686057381506515
2025-09-21T18:30:59Z,0.4848,0.4850062,-0.04251492042781635
2025-09-21T18:31:59Z,0.4849,0.48515837,-0.05325477534273704
2025-09-21T18:32:59Z,0.48563014,0.48564332,-0.0027139259323072373
2025-09-21T18:33:59Z,0.4859,0.48596612,-0.013605886764289643
2025-09-21T18:34:59Z,0.4857,0.48593886,-0.049154331884460056
2025-09-21T18:35:59Z,0.48595955,0.48610733,-0.030400693608134688
2025-09-21T18:36:59Z,0.48588135,0.48609443,-0.04383510422039105
2025-09-21T18:37:59Z,0.4859258,0.48613139,-0.04229103576297577
2025-09-21T18:38:59Z,0.4856,0.48585616,-0.052723423327594165
2025-09-21T18:39:59Z,0.486,0.4860605,-0.012447010197291775
2025-09-21T18:40:59Z,0.4862,0.48634529,-0.0298738371661722
2025-09-21T18:41:59Z,0.48585739,0.48604746,-0.039105234702796476
2025-09-21T18:42:59Z,0.4857567,0.48589885,-0.02925505997801725
2025-09-21T18:43:59Z,0.4858,0.48602609,-0.046518078895729786
2025-09-21T18:44:59Z,0.4861,0.48619131,-0.018780672982410263
2025-09-21T18:45:59Z,0.48614018,0.48635504,-0.044177603258732656
2025-09-21T18:46:59Z,0.4858,0.48615001,-0.07199629595812107
2025-09-21T18:47:59Z,0.4861,0.48624367,-0.02954691420457012
2025-09-21T18:48:59Z,0.48579856,0.48616846,-0.07608473819959993
2025-09-21T18:49:59Z,0.486,0.48617268,-0.03551824425840344
2025-09-21T18:50:59Z,0.48574548,0.48609456,-0.07181318795256297
2025-09-21T18:51:59Z,0.4861,0.48629094,-0.03926456042960824
2025-09-21T18:52:59Z,0.4863,0.48643008,-0.026741767285443085
2025-09-21T18:53:59Z,0.4865,0.48680598,-0.06285460996187098
2025-09-21T18:54:59Z,0.48645131,0.48681685,-0.07508778712158604
2025-09-21T18:55:59Z,0.48649056,0.48685224,-0.07428948052081719
2025-09-21T18:56:59Z,0.4863368,0.48678787,-0.0926625390234137
2025-09-21T18:57:59Z,0.48641829,0.48677918,-0.07413833927737423
2025-09-21T18:58:59Z,0.4867,0.48685744,-0.032338008432186705
2025-09-21T18:59:59Z,0.4869,0.48712483,-0.046154493910732786
2025-09-21T19:00:59Z,0.4863643,0.48688469,-0.10688156984356434
2025-09-21T19:01:59Z,0.4858,0.48627022,-0.09669932080149657
2025-09-21T19:02:59Z,0.48561239,0.48611804,-0.10401794592933555
2025-09-21T19:03:59Z,0.4856422,0.48603611,-0.08104541862126169
2025-09-21T19:04:59Z,0.48556572,0.48600204,-0.08977740093437658
2025-09-21T19:05:59Z,0.48492853,0.48546385,-0.11026979660790914
2025-09-21T19:06:59Z,0.48486536,0.48517331,-0.06347216420458102
2025-09-21T19:07:59Z,0.4833,0.48379038,-0.10136208165197891
2025-09-21T19:08:59Z,0.4828,0.48342508,-0.1293023522900394
2025-09-21T19:09:59Z,0.4829,0.48316734,-0.055330726617408565
2025-09-21T19:10:59Z,0.4833,0.48350712,-0.04283701137638429
2025-09-21T19:11:59Z,0.4832,0.48341077,-0.04360060078926198
2025-09-21T19:12:59Z,0.4835,0.4836315,-0.0271901230585736
2025-09-21T19:13:59Z,0.4831,0.48345924,-0.0743061607427431
2025-09-21T19:14:59Z,0.4835,0.48365906,-0.03288680253399345
2025-09-21T19:15:59Z,0.4833,0.48347919,-0.03706260863057809
2025-09-21T19:16:59Z,0.4832,0.48333878,-0.02871277988495402
2025-09-21T19:17:59Z,0.48302077,0.48332791,-0.06354691993682993
2025-09-21T19:18:59Z,0.4832,0.48341637,-0.044758517383258756
2025-09-21T19:19:59Z,0.4838,0.4838536,-0.011077730950015408
2025-09-21T19:20:59Z,0.4835,0.48377638,-0.0571297011234817
2025-09-21T19:21:59Z,0.48378207,0.48397647,-0.04016724201487687
2025-09-21T19:22:59Z,0.4835,0.48372702,-0.04693142839116149
2025-09-21T19:23:59Z,0.48391674,0.48408137,-0.034008745265279305
2025-09-21T19:24:59Z,0.4842,0.48432702,-0.026226081708180526
2025-09-21T19:25:59Z,0.48404631,0.48426069,-0.04426954415812645
2025-09-21T19:26:59Z,0.48390412,0.48412437,-0.04549450795051646
2025-09-21T19:27:59Z,0.48364123,0.48401133,-0.07646515216906957
2025-09-21T19:28:59Z,0.48428695,0.48443959,-0.03150857261686735
2025-09-21T19:29:59Z,0.4844,0.48465793,-0.05321897858970859
2025-09-21T19:30:59Z,0.4844,0.48472531,-0.06711223723804283
2025-09-21T19:31:59Z,0.4845,0.4847688,-0.05544911306173406
2025-09-21T19:32:59Z,0.48427956,0.48463124,-0.07256651469682573
2025-09-21T19:33:59Z,0.4840881,0.4844539,-0.07550770052630051
2025-09-21T19:34:59Z,0.48402519,0.48435824,-0.0687610888998158
2025-09-21T19:35:59Z,0.4841,0.48439954,-0.06183738324773147
2025-09-21T19:36:59Z,0.4837,0.48413273,-0.08938251293193478
2025-09-21T19:37:59Z,0.48364587,0.48410664,-0.09517944228155661
2025-09-21T19:38:59Z,0.4836,0.48406302,-0.09565283462472651
2025-09-21T19:39:59Z,0.4841,0.48429346,-0.03994685371139228
2025-09-21T19:40:59Z,0.48400732,0.48433477,-0.0676081958765895
2025-09-21T19:41:59Z,0.48369732,0.48408476,-0.08003557063023248
2025-09-21T19:42:59Z,0.48368043,0.48406954,-0.08038307884442597
2025-09-21T19:43:59Z,0.48346012,0.4839739,-0.10615861723122233
2025-09-21T19:44:59Z,0.4839,0.48415472,-0.05261128095580547
2025-09-21T19:45:59Z,0.48394087,0.48424385,-0.06256765057520708
2025-09-21T19:46:59Z,0.48357826,0.48402863,-0.09304614894372065
2025-09-21T19:47:59Z,0.48429135,0.48446751,-0.036361571491139166
2025-09-21T19:48:59Z,0.48446129,0.48468747,-0.04666512216625618
2025-09-21T19:49:59Z,0.48375172,0.48429124,-0.11140403861115145
2025-09-21T19:50:59Z,0.48405406,0.48438472,-0.06826392046387353
2025-09-21T19:51:59Z,0.48435239,0.48453038,-0.03673453870941534
2025-09-21T19:52:59Z,0.48438094,0.48468037,-0.06177885850835452
2025-09-21T19:53:59Z,0.48444021,0.48469777,-0.05313826799738797
2025-09-21T19:54:59Z,0.4846,0.48472602,-0.025998191720755237
2025-09-21T19:55:59Z,0.48455667,0.48478254,-0.046592024539493515
2025-09-21T19:56:59Z,0.4844229,0.48470864,-0.058950878201802226
2025-09-21T19:57:59Z,0.48464435,0.48492385,-0.057637915726349576
2025-09-21T19:58:59Z,0.4848179,0.48503038,-0.04380756520858675
2025-09-21T19:59:59Z,0.48479398,0.48499124,-0.04067289957648823
2025-09-21T20:00:59Z,0.4848,0.48508188,-0.05810977726069533
2025-09-21T20:01:59Z,0.4845,0.48481783,-0.06555658235589679
2025-09-21T20:02:59Z,0.48510464,0.48525041,-0.030040160089728207
2025-09-21T20:03:59Z,0.48454964,0.48488723,-0.06962237384556813
2025-09-21T20:04:59Z,0.4844,0.4847367,-0.069460389526943
2025-09-21T20:05:59Z,0.48419203,0.48458014,-0.08009201532691579
2025-09-21T20:06:59Z,0.4842,0.48448823,-0.059491641313969
2025-09-21T20:07:59Z,0.4833,0.48359086,-0.060145884477635914
2025-09-21T20:08:59Z,0.4831,0.48340738,-0.06358612067528524
2025-09-21T20:09:59Z,0.48316079,0.48358024,-0.08673844903174244
2025-09-21T20:10:59Z,0.48298666,0.48345772,-0.0974356144317956
2025-09-21T20:11:59Z,0.48285942,0.4831855,-0.06748546883132978
2025-09-21T20:12:59Z,0.4834,0.48363305,-0.048187360231066734
2025-09-21T20:13:59Z,0.4835,0.48370165,-0.04168892125961943
2025-09-21T20:14:59Z,0.4836,0.48376034,-0.03314451118503481
2025-09-21T20:15:59Z,0.48334616,0.48364776,-0.0623594328235777
2025-09-21T20:16:59Z,0.48346254,0.4837608,-0.06165443748232802
2025-09-21T20:17:59Z,0.4839,0.48401066,-0.0228631328078599
2025-09-21T20:18:59Z,0.48314796,0.48355465,-0.08410424757573365
2025-09-21T20:19:59Z,0.4835,0.48376769,-0.05533441061348343
2025-09-21T20:20:59Z,0.48369623,0.48392901,-0.048102096627766766
2025-09-21T20:21:59Z,0.4841,0.48418507,-0.017569728038091537
2025-09-21T20:22:59Z,0.4836,0.48389967,-0.06192812654739477
2025-09-21T20:23:59Z,0.48416426,0.48433289,-0.034816962358263925
2025-09-21T20:24:59Z,0.4839,0.48415898,-0.05349069431698217
2025-09-21T20:25:59Z,0.4844,0.48447854,-0.01621124436183008
2025-09-21T20:26:59Z,0.4847,0.48491393,-0.044117107545249556
2025-09-21T20:27:59Z,0.48450797,0.48484437,-0.06938308884560929
2025-09-21T20:28:59Z,0.48517805,0.48530431,-0.026016665708161746
2025-09-21T20:29:59Z,0.48522363,0.48550038,-0.057003044982162354
2025-09-21T20:30:59Z,0.4846179,0.48494639,-0.06773738433232257
2025-09-21T20:31:59Z,0.48432087,0.48467591,-0.07325307337845421
2025-09-21T20:32:59Z,0.48406369,0.48447138,-0.08415151375918972
2025-09-21T20:33:59Z,0.4843,0.48456843,-0.05539568477459511
2025-09-21T20:34:59Z,0.48388768,0.48432496,-0.09028648864184419
2025-09-21T20:35:59Z,0.4839,0.48429234,-0.08101305091878785
2025-09-21T20:36:59Z,0.48390948,0.48420993,-0.06204953293709181
2025-09-21T20:37:59Z,0.4837,0.48404359,-0.0709832765268148
2025-09-21T20:38:59Z,0.4836,0.48393649,-0.06953185117328786
2025-09-21T20:39:59Z,0.4835,0.48384953,-0.07223940054257305
2025-09-21T20:40:59Z,0.48352464,0.48368163,-0.03245730047675144
2025-09-21T20:41:59Z,0.4836,0.48370175,-0.021035689864679075
2025-09-21T20:42:59Z,0.4837298,0.48388202,-0.03145808145548212
2025-09-21T20:43:59Z,0.4839,0.48396596,-0.013629057713060444
2025-09-21T20:44:59Z,0.4836,0.48384494,-0.050623656413562035
2025-09-21T20:45:59Z,0.4837,0.4838133,-0.02341812430538548
2025-09-21T20:46:59Z,0.4838,0.48387634,-0.015776758169250282
2025-09-21T20:47:59Z,0.48403243,0.48407863,-0.00954390405542016
2025-09-21T20:48:59Z,0.48415728,0.48419917,-0.008651398555681311
2025-09-21T20:49:59Z,0.48406124,0.48412954,-0.014107794372564264
2025-09-21T20:50:59Z,0.48369171,0.48394821,-0.05300153915229755
2025-09-21T20:51:59Z,0.48363268,0.48383362,-0.041530805569078844
2025-09-21T20:52:59Z,0.48350869,0.48372394,-0.0444985212019855
2025-09-21T20:53:59Z,0.48355326,0.48370228,-0.030808207064891846
2025-09-21T20:54:59Z,0.48352057,0.48366966,-0.0308247575421694
2025-09-21T20:55:59Z,0.48378835,0.48379575,-0.0015295711051743766
2025-09-21T20:56:59Z,0.4839,0.48392974,-0.0061455202153948285
2025-09-21T20:57:59Z,0.4840071,0.48409713,-0.018597507487794207
2025-09-21T20:58:59Z,0.48370251,0.48388846,-0.038428277458824045
2025-09-21T20:59:59Z,0.4838,0.48387241,-0.014964688728580366
2025-09-21T21:00:59Z,0.48390449,0.48392458,-0.004151473355618052
2025-09-21T21:01:59Z,0.4845,0.48450842,-0.0017378438954662734
2025-09-21T21:02:59Z,0.48444131,0.48453667,-0.01968065698721988
2025-09-21T21:03:59Z,0.48451015,0.48462146,-0.022968442214676976
2025-09-21T21:04:59Z,0.48438179,0.48455565,-0.03588029568947215
2025-09-21T21:05:59Z,0.48460594,0.48465783,-0.010706522579029265
2025-09-21T21:06:59Z,0.48441246,0.48457739,-0.03403584306729268
2025-09-21T21:07:59Z,0.48452892,0.48461666,-0.018105031717230435
2025-09-21T21:08:59Z,0.48436819,0.48450362,-0.027952319530666347
2025-09-21T21:09:59Z,0.48428427,0.48450084,-0.04469961290468616
2025-09-21T21:10:59Z,0.4842726,0.48464469,-0.07677583344614103
2025-09-21T21:11:59Z,0.48428558,0.4847012,-0.08574767299937003
2025-09-21T21:12:59Z,0.4844,0.48466207,-0.05407272741603242
2025-09-21T21:13:59Z,0.48432905,0.4846686,-0.07005817996049712
2025-09-21T21:14:59Z,0.48478036,0.48509835,-0.06555165565910182
2025-09-21T21:15:59Z,0.4836,0.48404577,-0.09209253083649616
2025-09-21T21:16:59Z,0.4839,0.48415446,-0.05255760733878789
2025-09-21T21:17:59Z,0.4834,0.48375446,-0.07327270946504427
2025-09-21T21:18:59Z,0.4831,0.48343795,-0.06990555871752013
2025-09-21T21:19:59Z,0.4831,0.48340317,-0.06271576580683114
2025-09-21T21:20:59Z,0.4826,0.48291364,-0.0649474303521469
2025-09-21T21:21:59Z,0.4824,0.48265306,-0.05243103607383004
2025-09-21T21:22:59Z,0.4826,0.48285741,-0.053309733819761895
2025-09-21T21:23:59Z,0.483,0.48316611,-0.0343794807959541
2025-09-21T21:24:59Z,0.4832,0.48342207,-0.045937083509650645
2025-09-21T21:25:59Z,0.48345174,0.48373077,-0.057682913162615534
2025-09-21T21:26:59Z,0.4835,0.48378946,-0.05983181196217435
2025-09-21T21:27:59Z,0.4833,0.4836696,-0.07641580119982505
2025-09-21T21:28:59Z,0.4829,0.48335871,-0.09490053463607762
2025-09-21T21:29:59Z,0.4826687,0.48316305,-0.1023153571035662
2025-09-21T21:30:59Z,0.4826,0.48283229,-0.04810987268478728
2025-09-21T21:31:59Z,0.48272529,0.48295186,-0.04691357850864497
2025-09-21T21:32:59Z,0.48350663,0.48355524,-0.010052626045375934
2025-09-21T21:33:59Z,0.4840987,0.4841046,-0.0012187448745537566
2025-09-21T21:34:59Z,0.48435178,0.48435762,-0.0012057206821625144
2025-09-21T21:35:59Z,0.48464056,0.48478199,-0.02917393857804207
2025-09-21T21:36:59Z,0.48478551,0.48489287,-0.02214097311845631
2025-09-21T21:37:59Z,0.48464492,0.48485591,-0.043516021079337275
2025-09-21T21:38:59Z,0.4845,0.484732,-0.04786149872506584
2025-09-21T21:39:59Z,0.4849,0.48497329,-0.015112172466236196
2025-09-21T21:40:59Z,0.4848,0.48499068,-0.039316219437457445
2025-09-21T21:41:59Z,0.48472205,0.48493653,-0.04422846841419803
2025-09-21T21:42:59Z,0.4851,0.48513869,-0.007975039055330146
2025-09-21T21:43:59Z,0.48520434,0.48535661,-0.03137280854174085
2025-09-21T21:44:59Z,0.48504161,0.48525975,-0.044953244113066226
2025-09-21T21:45:59Z,0.48493571,0.48516121,-0.04647939599292661
2025-09-21T21:46:59Z,0.4849,0.4850896,-0.03908556274965225
2025-09-21T21:47:59Z,0.4848,0.48503049,-0.04752072390334927
2025-09-21T21:48:59Z,0.4844,0.48471902,-0.06581544912349635
2025-09-21T21:49:59Z,0.4844,0.48464272,-0.050082254407957105
2025-09-21T21:50:59Z,0.4844,0.4845862,-0.03842453623318365
2025-09-21T21:51:59Z,0.4840437,0.48443621,-0.08102408364559777
2025-09-21T21:52:59Z,0.484,0.48436587,-0.07553587539105289
2025-09-21T21:53:59Z,0.4845,0.48469577,-0.04039028440459003
2025-09-21T21:54:59Z,0.48430828,0.48463955,-0.06835389311499185
2025-09-21T21:55:59Z,0.48402283,0.48447657,-0.09365571589973198
2025-09-21T21:56:59Z,0.48434123,0.48457221,-0.04766678633922883
2025-09-21T21:57:59Z,0.484,0.48440265,-0.08312299695305558
2025-09-21T21:58:59Z,0.4841,0.48436134,-0.053955586133280775
2025-09-21T21:59:59Z,0.4838,0.48415474,-0.07326996323530066
2025-09-21T22:00:59Z,0.4838,0.48409522,-0.060983870074149404
2025-09-21T22:01:59Z,0.4846,0.48487022,-0.05573037667688796
2025-09-21T22:02:59Z,0.48447422,0.48480202,-0.06761522982102752
2025-09-21T22:03:59Z,0.4837477,0.4841927,-0.09190555743611162
2025-09-21T22:04:59Z,0.4839,0.48414705,-0.05102788501964994
2025-09-21T22:05:59Z,0.4839,0.4840672,-0.0345406588176167
2025-09-21T22:06:59Z,0.483,0.48336224,-0.07494172486456341
2025-09-21T22:07:59Z,0.4827,0.48305712,-0.07392914527375449
2025-09-21T22:08:59Z,0.4823,0.48256486,-0.05488588622055701
2025-09-21T22:09:59Z,0.48213452,0.48244171,-0.0636740135922409
2025-09-21T22:10:59Z,0.4816,0.48169721,-0.02018072722489439
2025-09-21T22:11:59Z,0.482,0.4820405,-0.008401783667555396
2025-09-21T22:12:59Z,0.4816,0.48182894,-0.04751478813207477
2025-09-21T22:13:59Z,0.4816357,0.48185425,-0.045356038677668575
2025-09-21T22:14:59Z,0.48186346,0.48203113,-0.034784060523218585
2025-09-21T22:15:59Z,0.48193514,0.48206561,-0.02706478066336615
2025-09-21T22:16:59Z,0.482,0.48205039,-0.01045326402495661
2025-09-21T22:17:59Z,0.4825,0.48256249,-0.01294961819349183
2025-09-21T22:18:59Z,0.4821,0.48226349,-0.03390055506794498
2025-09-21T22:19:59Z,0.4817005,0.48205813,-0.07418814822187647
2025-09-21T22:20:59Z,0.48152833,0.4818272,-0.062028461655960765
2025-09-21T22:21:59Z,0.4811,0.48138658,-0.05953219551737554
2025-09-21T22:22:59Z,0.4813,0.48151557,-0.04476906115413737
2025-09-21T22:23:59Z,0.48161325,0.48182127,-0.043173685545272455
2025-09-21T22:24:59Z,0.4821,0.48221877,-0.02462989982742192
2025-09-21T22:25:59Z,0.48259215,0.48259592,-0.0007811918509403881
2025-09-21T22:26:59Z,0.4827,0.48275553,-0.011502716499167676
2025-09-21T22:27:59Z,0.4828,0.48288284,-0.017155300030946563
2025-09-21T22:28:59Z,0.4824,0.48266002,-0.05387228882144379
2025-09-21T22:29:59Z,0.48259282,0.48276654,-0.035984266846667
2025-09-21T22:30:59Z,0.4823,0.48254196,-0.05014278965501662
2025-09-21T22:31:59Z,0.48293862,0.48294215,-0.0007309364071894642
2025-09-21T22:32:59Z,0.48264695,0.48275518,-0.022419231213632873
2025-09-21T22:33:59Z,0.4823,0.48245758,-0.03266193890041347
2025-09-21T22:34:59Z,0.48212928,0.48239312,-0.054693980710174284
2025-09-21T22:35:59Z,0.482,0.48217951,-0.037228873537153984
2025-09-21T22:36:59Z,0.4822,0.48233359,-0.027696598945137207
2025-09-21T22:37:59Z,0.4825,0.4825204,-0.004227800524092551
2025-09-21T22:38:59Z,0.48269331,0.48269656,-0.0006733008414250286
2025-09-21T22:39:59Z,0.48301395,0.48305428,-0.008348958216453095
2025-09-21T22:40:59Z,0.483,0.48308036,-0.01663491349555013
2025-09-21T22:41:59Z,0.48313608,0.48316949,-0.006914757800613458
2025-09-21T22:42:59Z,0.4835,0.48364132,-0.02922000130178848
2025-09-21T22:43:59Z,0.48354384,0.48369622,-0.03150324391619774
2025-09-21T22:44:59Z,0.4839707,0.48410991,-0.02875586661714724
2025-09-21T22:45:59Z,0.48445863,0.4844684,-0.0020166433971846587
2025-09-21T22:46:59Z,0.48452507,0.48463145,-0.021950700888273555
2025-09-21T22:47:59Z,0.4847334,0.48479782,-0.013288013547585464
2025-09-21T22:48:59Z,0.48447052,0.48467275,-0.041725060878705644
2025-09-21T22:49:59Z,0.4842,0.48445753,-0.053158426498189915
2025-09-21T22:50:59Z,0.48461563,0.48464448,-0.005952817207366401
2025-09-21T22:51:59Z,0.48491144,0.48494564,-0.007052336835111639
2025-09-21T22:52:59Z,0.4849,0.48498478,-0.017480960948923485
2025-09-21T22:53:59Z,0.4847,0.48483896,-0.028661063046575563
2025-09-21T22:54:59Z,0.4849845,0.48498722,-0.0005608395206802008
2025-09-21T22:55:59Z,0.48485391,0.48491983,-0.013593999651451139
2025-09-21T22:56:59Z,0.48490544,0.48516184,-0.05284834437926378
2025-09-21T22:57:59Z,0.485,0.48522488,-0.046345521276658364
2025-09-21T22:58:59Z,0.485,0.48522488,-0.046345521276658364
2025-09-21T22:59:59Z,0.4846,0.48487349,-0.05640440354864884
2025-09-21T23:00:59Z,0.4843,0.48454409,-0.05037518876764846
2025-09-21T23:01:59Z,0.4836,0.48395753,-0.07387631720495724
2025-09-21T23:02:59Z,0.48302441,0.48329689,-0.05637942342231472
2025-09-21T23:03:59Z,0.48221735,0.48262064,-0.08356252645970175
2025-09-21T23:04:59Z,0.48192936,0.48220279,-0.05670435876159452
2025-09-21T23:05:59Z,0.48181838,0.48208813,-0.05595449943975872
2025-09-21T23:06:59Z,0.4816,0.48193306,-0.06910918292263313
2025-09-21T23:07:59Z,0.48083805,0.48126373,-0.088450463532741
2025-09-21T23:08:59Z,0.4810816,0.48140629,-0.0674461482420674
2025-09-21T23:09:59Z,0.4811,0.48137298,-0.05670862539894905
2025-09-21T23:10:59Z,0.4807807,0.48122112,-0.09152133638690163
2025-09-21T23:11:59Z,0.48145681,0.48171001,-0.0525627441289811
2025-09-21T23:12:59Z,0.4818,0.48197757,-0.03684196341335877
2025-09-21T23:13:59Z,0.48172929,0.48203,-0.06238408397818418
2025-09-21T23:14:59Z,0.482,0.48217661,-0.0366276580691105
2025-09-21T23:15:59Z,0.48214123,0.48218318,-0.008700013136087037
2025-09-21T23:16:59Z,0.4817,0.48191211,-0.044014249818291606
2025-09-21T23:17:59Z,0.48163728,0.48192978,-0.06069348941249997
2025-09-21T23:18:59Z,0.4814,0.48164572,-0.05101675148281304
2025-09-21T23:19:59Z,0.48131014,0.4816047,-0.06116219380749577
2025-09-21T23:20:59Z,0.4811,0.4814134,-0.06509997436713322
2025-09-21T23:21:59Z,0.4814,0.48157938,-0.03724827254855123
2025-09-21T23:22:59Z,0.4816329,0.4818777,-0.050801271774980616
2025-09-21T23:23:59Z,0.48114282,0.48151248,-0.07677059585247115
2025-09-21T23:24:59Z,0.4819,0.48199514,-0.019738788237577687
2025-09-21T23:25:59Z,0.48166832,0.48202574,-0.0741495671994552
2025-09-21T23:26:59Z,0.48133261,0.48175124,-0.08689754488230284
2025-09-21T23:27:59Z,0.48195805,0.48213555,-0.036815372772236454
2025-09-21T23:28:59Z,0.48190544,0.48215394,-0.051539556018143085
2025-09-21T23:29:59Z,0.48193406,0.48216164,-0.047199939008002456
2025-09-21T23:30:59Z,0.4821771,0.48238067,-0.04220111058761411
2025-09-21T23:31:59Z,0.48218831,0.48234194,-0.031850848383618846
2025-09-21T23:32:59Z,0.48120485,0.48169378,-0.10150224484941628
2025-09-21T23:33:59Z,0.48102726,0.48148974,-0.09605189094994415
2025-09-21T23:34:59Z,0.48125587,0.48153757,-0.05850010830931174
2025-09-21T23:35:59Z,0.4816,0.48179192,-0.039834624042678346
2025-09-21T23:36:59Z,0.4809,0.48106577,-0.03445890569183652
2025-09-21T23:37:59Z,0.4814,0.48146519,-0.013539919677263423
2025-09-21T23:38:59Z,0.48174564,0.4819196,-0.03609730751769069
2025-09-21T23:39:59Z,0.4816,0.48180004,-0.04151929916818009
2025-09-21T23:40:59Z,0.48100213,0.48140466,-0.08361572569737241
2025-09-21T23:41:59Z,0.4811,0.48147422,-0.0777237875788983
2025-09-21T23:42:59Z,0.4818,0.48191755,-0.024392139277762404
2025-09-21T23:43:59Z,0.4817,0.48199791,-0.06180732194460692
2025-09-21T23:44:59Z,0.4818,0.48190154,-0.02107069423351593
2025-09-21T23:45:59Z,0.4819,0.48200246,-0.021257152919929023
2025-09-21T23:46:59Z,0.48191065,0.48204812,-0.028517899831248528
2025-09-21T23:47:59Z,0.4815,0.48175785,-0.05352273969173593
2025-09-21T23:48:59Z,0.48114464,0.48154481,-0.08310130058301057
2025-09-21T23:49:59Z,0.4809,0.48119263,-0.06081348336528514
2025-09-21T23:50:59Z,0.48114245,0.48140418,-0.054368036438734446
2025-09-21T23:51:59Z,0.48125269,0.48145803,-0.0426496157930889
2025-09-21T23:52:59Z,0.4814,0.48158796,-0.03902921493302847
2025-09-21T23:53:59Z,0.48137066,0.48160577,-0.04881793671200896
2025-09-21T23:54:59Z,0.48112261,0.48149228,-0.07677589347849789
2025-09-21T23:55:59Z,0.48083928,0.48127924,-0.0914147055252168
2025-09-21T23:56:59Z,0.48100738,0.48130188,-0.06118820894696064
2025-09-21T23:57:59Z,0.481,0.48129754,-0.06182038661574074
2025-09-21T23:58:59Z,0.48094659,0.4812258,-0.05802057994396259
2025-09-21T23:59:59Z,0.4804,0.48075011,-0.07282577636852361
2025-09-22T00:00:59Z,0.4802,0.48051067,-0.06465413140565035
2025-09-22T00:01:59Z,0.48051601,0.48077963,-0.05483177396680139
2025-09-22T00:02:59Z,0.48128042,0.4812592,0.0044092663579187175
2025-09-22T00:03:59Z,0.4817,0.48168253,0.0036268701711028584
2025-09-22T00:04:59Z,0.48188837,0.48186722,0.004389175922780986
2025-09-22T00:05:59Z,0.48232218,0.48230105,0.004381081069593229
2025-09-22T00:06:59Z,0.4824,0.48245359,-0.011107804172416635
2025-09-22T00:07:59Z,0.4826,0.48259108,0.0018483557549409113
2025-09-22T00:08:59Z,0.4818196,0.48201237,-0.039992749563666496
2025-09-22T00:09:59Z,0.4816,0.48176354,-0.033946113896454744
2025-09-22T00:10:59Z,0.4814,0.48165053,-0.052014891377782924
2025-09-22T00:11:59Z,0.4819,0.48194418,-0.009167036730273193
2025-09-22T00:12:59Z,0.4816,0.48173505,-0.0280340822200964
2025-09-22T00:13:59Z,0.48114078,0.48146708,-0.0677720271134663
2025-09-22T00:14:59Z,0.4802,0.4805608,-0.07507894942742066
2025-09-22T00:15:59Z,0.4801,0.48025405,-0.03207677269977394
2025-09-22T00:16:59Z,0.4805,0.48061645,-0.024229299683764527
2025-09-22T00:17:59Z,0.48081324,0.48091768,-0.02171681440367168
2025-09-22T00:18:59Z,0.4795,0.4797346,-0.04890203875226318
2025-09-22T00:19:59Z,0.47920652,0.47954731,-0.07106493830608684
2025-09-22T00:20:59Z,0.47894103,0.47930651,-0.07625183309111216
2025-09-22T00:21:59Z,0.47783213,0.4782087,-0.07874595338812629
2025-09-22T00:22:59Z,0.4777,0.47782264,-0.025666427191484154
2025-09-22T00:23:59Z,0.478,0.4781788,-0.03739187099052188
2025-09-22T00:24:59Z,0.4776,0.47769963,-0.020856202044783334
2025-09-22T00:25:59Z,0.47838039,0.47835969,0.004327287694327886
2025-09-22T00:26:59Z,0.4775,0.47778477,-0.05960215098527177
2025-09-22T00:27:59Z,0.47717497,0.4775116,-0.07049671672897384
2025-09-22T00:28:59Z,0.47722291,0.47755556,-0.06965681647597144
2025-09-22T00:29:59Z,0.47715756,0.47744413,-0.06002168253698148
2025-09-22T00:30:59Z,0.4765,0.4766889,-0.0396275222687259
2025-09-22T00:31:59Z,0.47383668,0.47421518,-0.07981608686588038
2025-09-22T00:32:59Z,0.4691874,0.46916802,0.004130716326300465
2025-09-22T00:33:59Z,0.46565155,0.46592055,-0.05773516536241585
2025-09-22T00:34:59Z,0.46858493,0.4685874,-0.0005271161793940493
2025-09-22T00:35:59Z,0.46840002,0.46855606,-0.033302311787419825
2025-09-22T00:36:59Z,0.46823758,0.46849619,-0.05520002201084839
2025-09-22T00:37:59Z,0.47091146,0.47102483,-0.024068794844633867
2025-09-22T00:38:59Z,0.47050489,0.4707444,-0.050878990806901836
2025-09-22T00:39:59Z,0.46975297,0.4701151,-0.07703007199726386
2025-09-22T00:40:59Z,0.4699,0.4701119,-0.04507437484565502
2025-09-22T00:41:59Z,0.47055825,0.47071439,-0.033170857597952796
2025-09-22T00:42:59Z,0.4699103,0.47030774,-0.08450637023323937
2025-09-22T00:43:59Z,0.4689,0.46927248,-0.07937392791497189
2025-09-22T00:44:59Z,0.46931538,0.46945092,-0.028872027772353093
2025-09-22T00:45:59Z,0.46970884,0.46978459,-0.01612441140310672
2025-09-22T00:46:59Z,0.46869374,0.46903094,-0.07189291179809931
2025-09-22T00:47:59Z,0.4684,0.46870932,-0.06599399388943494
2025-09-22T00:48:59Z,0.4671,0.46751628,-0.08904074955421448
2025-09-22T00:49:59Z,0.46525321,0.46566172,-0.08772677298877207
2025-09-22T00:50:59Z,0.46393905,0.46430793,-0.0794472754320541
2025-09-22T00:51:59Z,0.46394839,0.46423878,-0.06255186178113492
2025-09-22T00:52:59Z,0.46598069,0.4660036,-0.004916271033106323
2025-09-22T00:53:59Z,0.46623451,0.46638566,-0.03240880090523701
2025-09-22T00:54:59Z,0.466,0.46619512,-0.041853719961715274
2025-09-22T00:55:59Z,0.4655,0.46574343,-0.05226697454433493
2025-09-22T00:56:59Z,0.4645,0.46478549,-0.061424034558388296
2025-09-22T00:57:59Z,0.4649,0.46501808,-0.025392561080639364
2025-09-22T00:58:59Z,0.46606627,0.46608731,-0.004514175680936372
2025-09-22T00:59:59Z,0.4647,0.46491107,-0.04540008049280786
2025-09-22T01:00:59Z,0.4651,0.46519629,-0.02069878932181579
2025-09-22T01:01:59Z,0.4637,0.46401865,-0.06867180877320189
2025-09-22T01:02:59Z,0.4645,0.46450478,-0.0010290529195322584
2025-09-22T01:03:59Z,0.46604886,0.46607516,-0.005642866699862026
2025-09-22T01:04:59Z,0.46709124,0.46709165,-8.777720603703187e-05
2025-09-22T01:05:59Z,0.46740427,0.46758481,-0.038611177296377086
2025-09-22T01:06:59Z,0.4658,0.46610606,-0.06566316687665052
2025-09-22T01:07:59Z,0.464,0.46442152,-0.0907623746634223
2025-09-22T01:08:59Z,0.4635,0.46388606,-0.08322302248098268
2025-09-22T01:09:59Z,0.4641,0.46414754,-0.010242432826423897
2025-09-22T01:10:59Z,0.46419714,0.46441306,-0.046493093884991676
2025-09-22T01:11:59Z,0.4646,0.46474911,-0.03208397752498815
2025-09-22T01:12:59Z,0.4652,0.465381,-0.03889286412638304
2025-09-22T01:13:59Z,0.4649,0.46516396,-0.05674558278332409
2025-09-22T01:14:59Z,0.46540476,0.46560507,-0.04302143874851394
2025-09-22T01:15:59Z,0.46678191,0.4668328,-0.01090111920155623
2025-09-22T01:16:59Z,0.4653,0.46566612,-0.07862285536255342
2025-09-22T01:17:59Z,0.4641,0.4645618,-0.09940550428382267
2025-09-22T01:18:59Z,0.46464931,0.46496142,-0.06712599940013053
2025-09-22T01:19:59Z,0.4637,0.46404254,-0.07381650828822695
2025-09-22T01:20:59Z,0.4641,0.46430692,-0.04456534914448751
2025-09-22T01:21:59Z,0.4635,0.46401308,-0.1105744691507371
2025-09-22T01:22:59Z,0.4638,0.46391509,-0.024808419144106697
2025-09-22T01:23:59Z,0.46433374,0.46448266,-0.032061476740596895
2025-09-22T01:24:59Z,0.46314433,0.46359482,-0.09717321690523306
2025-09-22T01:25:59Z,0.464,0.46416433,-0.03540340982255419
2025-09-22T01:26:59Z,0.46503833,0.4650942,-0.012012620239088001
2025-09-22T01:27:59Z,0.4654061,0.46555372,-0.03170847823963374
2025-09-22T01:28:59Z,0.46615988,0.46621881,-0.012639987648710438
2025-09-22T01:29:59Z,0.46599301,0.46634023,-0.07445636847587256
2025-09-22T01:30:59Z,0.4657,0.46600337,-0.06510038757873149
2025-09-22T01:31:59Z,0.4669,0.46697627,-0.01633273570840199
2025-09-22T01:32:59Z,0.468,0.46812007,-0.025649402299710022
2025-09-22T01:33:59Z,0.46895259,0.46893586,0.0035676520878658025
2025-09-22T01:34:59Z,0.468,0.46831217,-0.06665852822060891
2025-09-22T01:35:59Z,0.46860285,0.46872488,-0.026034461836121903
2025-09-22T01:36:59Z,0.46802534,0.46823189,-0.04411275789010238
2025-09-22T01:37:59Z,0.46868933,0.46884948,-0.03415808416806776
2025-09-22T01:38:59Z,0.4684,0.46862483,-0.04797654447802335
2025-09-22T01:39:59Z,0.4689,0.46914618,-0.05247404977272163
2025-09-22T01:40:59Z,0.46914262,0.46932893,-0.039697105396840904
2025-09-22T01:41:59Z,0.4692,0.46939875,-0.04234139950307636
2025-09-22T01:42:59Z,0.4686095,0.46890589,-0.06320884559585238
2025-09-22T01:43:59Z,0.46903525,0.46915952,-0.02648779246768873
2025-09-22T01:44:59Z,0.46873848,0.4690932,-0.07561823535280343
2025-09-22T01:45:59Z,0.4695,0.46958532,-0.018169222155406395
2025-09-22T01:46:59Z,0.46883347,0.46915082,-0.06764349255534707
2025-09-22T01:47:59Z,0.468,0.46833228,-0.07094962576570385
2025-09-22T01:48:59Z,0.4685,0.46872207,-0.047377756289557205
2025-09-22T01:49:59Z,0.4675,0.46777385,-0.058543246913000946
2025-09-22T01:50:59Z,0.4678,0.46802429,-0.047922726403792915
2025-09-22T01:51:59Z,0.4673,0.46756403,-0.056469271171266655
2025-09-22T01:52:59Z,0.4671,0.46740171,-0.06455046987312585
2025-09-22T01:53:59Z,0.4663,0.46662327,-0.06927858527072672
2025-09-22T01:54:59Z,0.4659,0.46603446,-0.028851943695318294
2025-09-22T01:55:59Z,0.4659,0.46616054,-0.055890616567422224
2025-09-22T01:56:59Z,0.4659,0.46610925,-0.04489290869039708
2025-09-22T01:57:59Z,0.4657,0.4658935,-0.04153309715633213
2025-09-22T01:58:59Z,0.4654,0.46578401,-0.08244379191978402
2025-09-22T01:59:59Z,0.4652,0.46560248,-0.08644283853470602
2025-09-22T02:00:59Z,0.46574157,0.46609758,-0.07638100159198524
2025-09-22T02:01:59Z,0.46487078,0.46528707,-0.08946949675606719
2025-09-22T02:02:59Z,0.4641,0.46429382,-0.04174511734832409
2025-09-22T02:03:59Z,0.46583016,0.46589371,-0.013640450307861318
2025-09-22T02:04:59Z,0.46620654,0.46628751,-0.01736482283216656
2025-09-22T02:05:59Z,0.46556227,0.46585759,-0.06339276344086153
2025-09-22T02:06:59Z,0.4648,0.46515079,-0.07541425437544991
2025-09-22T02:07:59Z,0.4644,0.46478136,-0.082051483303891
2025-09-22T02:08:59Z,0.46570984,0.465906,-0.0421029134632267
2025-09-22T02:09:59Z,0.46586778,0.46610411,-0.050703264556073435
2025-09-22T02:10:59Z,0.4654637,0.46574329,-0.06003092390231002
2025-09-22T02:11:59Z,0.4648056,0.46522981,-0.09118289303087224
2025-09-22T02:12:59Z,0.4644,0.46476075,-0.07762058220278645
2025-09-22T02:13:59Z,0.4647,0.46493631,-0.05082631640450641
2025-09-22T02:14:59Z,0.46422293,0.46464014,-0.08979207005231915
2025-09-22T02:15:59Z,0.46468211,0.4650086,-0.0702116046886081
2025-09-22T02:16:59Z,0.4637,0.46410617,-0.08751661284743806
2025-09-22T02:17:59Z,0.4642,0.46431526,-0.02482365106846185
2025-09-22T02:18:59Z,0.46388432,0.46425451,-0.07973858993851612
2025-09-22T02:19:59Z,0.46332614,0.46387807,-0.11898169706534567
2025-09-22T02:20:59Z,0.46322671,0.4636958,-0.10116330577072397
2025-09-22T02:21:59Z,0.4633,0.46366753,-0.07926584809594406
2025-09-22T02:22:59Z,0.4636,0.46397002,-0.07975084252210829
2025-09-22T02:23:59Z,0.46269644,0.46327739,-0.1254000330126237
2025-09-22T02:24:59Z,0.4621,0.46225131,-0.03273327662391967
2025-09-22T02:25:59Z,0.46303388,0.46322679,-0.0416448280117776
2025-09-22T02:26:59Z,0.4619,0.46230251,-0.08706636699853387
2025-09-22T02:27:59Z,0.46138422,0.46176716,-0.08292924078879826
2025-09-22T02:28:59Z,0.46108454,0.46111391,-0.0063693589291258235
2025-09-22T02:29:59Z,0.46127487,0.46149803,-0.048355569361802075
2025-09-22T02:30:59Z,0.4596,0.46015893,-0.12146455573512904
2025-09-22T02:31:59Z,0.45815439,0.45859864,-0.09687119874580707
2025-09-22T02:32:59Z,0.4566,0.45673092,-0.028664580011350527
2025-09-22T02:33:59Z,0.45721667,0.45749688,-0.061248505126421104
2025-09-22T02:34:59Z,0.4579462,0.45824307,-0.064784394884565
2025-09-22T02:35:59Z,0.45688257,0.45702849,-0.031927987684099435
2025-09-22T02:36:59Z,0.4574,0.45748601,-0.018800574907207324
2025-09-22T02:37:59Z,0.45741471,0.45771606,-0.06583775976748418
2025-09-22T02:38:59Z,0.4542,0.45463647,-0.0960041766996822
2025-09-22T02:39:59Z,0.45586256,0.45584908,0.0029571190535371272
2025-09-22T02:40:59Z,0.456565,0.45665459,-0.019618766998497073
2025-09-22T02:41:59Z,0.45717979,0.45732913,-0.03265481907963608
2025-09-22T02:42:59Z,0.45640731,0.45675507,-0.07613708590031854
2025-09-22T02:43:59Z,0.457,0.45707191,-0.015732754174280217
2025-09-22T02:44:59Z,0.45783461,0.45780393,0.0067015588966157225
2025-09-22T02:45:59Z,0.45838991,0.45839067,-0.00016579744085420955
2025-09-22T02:46:59Z,0.4587,0.45881716,-0.025535226276196532
2025-09-22T02:47:59Z,0.4592,0.45929581,-0.02086019465320499
2025-09-22T02:48:59Z,0.45923926,0.45927623,-0.008049621901839998
2025-09-22T02:49:59Z,0.4586,0.45890303,-0.06603355833147972
2025-09-22T02:50:59Z,0.45890066,0.4590959,-0.04252706242856563
2025-09-22T02:51:59Z,0.4591,0.45924351,-0.031249216782625044
2025-09-22T02:52:59Z,0.45902713,0.45920673,-0.03911092505112235
2025-09-22T02:53:59Z,0.4582,0.45846696,-0.05822884161598152
2025-09-22T02:54:59Z,0.45783253,0.45815154,-0.06962979978196726
2025-09-22T02:55:59Z,0.4583,0.45851044,-0.04589644676357141
2025-09-22T02:56:59Z,0.4585,0.45866698,-0.036405498385772006
2025-09-22T02:57:59Z,0.4585,0.45866986,-0.03703317239985848
2025-09-22T02:58:59Z,0.4585,0.45863796,-0.030080371018570418
2025-09-22T02:59:59Z,0.4584,0.4585502,-0.03275541042181418
2025-09-22T03:00:59Z,0.45904729,0.45909564,-0.010531574640970653
2025-09-22T03:01:59Z,0.45876985,0.45909916,-0.07172960194482547
2025-09-22T03:02:59Z,0.4587,0.459078,-0.08233894893677762
2025-09-22T03:03:59Z,0.4595,0.45957903,-0.01719617189669398
2025-09-22T03:04:59Z,0.45993862,0.46006541,-0.027559124690546
2025-09-22T03:05:59Z,0.4595,0.45979852,-0.0649240889248559
2025-09-22T03:06:59Z,0.4596,0.45984267,-0.05277239713312731
2025-09-22T03:07:59Z,0.46019827,0.46019237,0.0012820725384887766
2025-09-22T03:08:59Z,0.45965572,0.45990373,-0.053926503270596005
2025-09-22T03:09:59Z,0.4594,0.45963615,-0.0513775950825579
2025-09-22T03:10:59Z,0.4589,0.45913176,-0.050477884605504286
2025-09-22T03:11:59Z,0.45923964,0.45962602,-0.08406399620283223
2025-09-22T03:12:59Z,0.46009148,0.4603704,-0.06058599770967232
2025-09-22T03:13:59Z,0.45968486,0.46011291,-0.09303151263458931
2025-09-22T03:14:59Z,0.4593,0.45962532,-0.07077939048266702
2025-09-22T03:15:59Z,0.4604919,0.46054199,-0.010876315534225078
2025-09-22T03:16:59Z,0.46050464,0.46070924,-0.04440978869882928
2025-09-22T03:17:59Z,0.46099202,0.46115928,-0.03626946420768329
2025-09-22T03:18:59Z,0.45991238,0.46038199,-0.10200442463007553
2025-09-22T03:19:59Z,0.46,0.46031334,-0.068071023099181
2025-09-22T03:20:59Z,0.4598,0.46004235,-0.052679932619248415
2025-09-22T03:21:59Z,0.4593,0.45964068,-0.07411876598912848
2025-09-22T03:22:59Z,0.46052584,0.46051405,0.002560182474353745
2025-09-22T03:23:59Z,0.4607,0.46080192,-0.022117963397372264
2025-09-22T03:24:59Z,0.46046686,0.46073936,-0.05914406791727167
2025-09-22T03:25:59Z,0.4602,0.46049389,-0.06382060791295663
2025-09-22T03:26:59Z,0.4605,0.46062274,-0.02664653507986614
2025-09-22T03:27:59Z,0.46111172,0.46133824,-0.04910063384296892
2025-09-22T03:28:59Z,0.46110228,0.46137441,-0.05898246502228366
2025-09-22T03:29:59Z,0.4614,0.46159832,-0.0429637612199385
2025-09-22T03:30:59Z,0.4609,0.46123485,-0.07259859050112727
2025-09-22T03:31:59Z,0.4611,0.46133249,-0.05039532333827035
2025-09-22T03:32:59Z,0.46106642,0.46134477,-0.060334486939139786
2025-09-22T03:33:59Z,0.4608,0.46104363,-0.05284315499598513
2025-09-22T03:34:59Z,0.4602,0.46060267,-0.08742241984832644
2025-09-22T03:35:59Z,0.4599,0.46017227,-0.059166972403623674
2025-09-22T03:36:59Z,0.4598,0.46019641,-0.08613930734487907
2025-09-22T03:37:59Z,0.4597,0.46016123,-0.10023225989724827
2025-09-22T03:38:59Z,0.45955615,0.45987401,-0.06911893107418576
2025-09-22T03:39:59Z,0.45894484,0.45937071,-0.092707260330116
2025-09-22T03:40:59Z,0.4587,0.45909581,-0.0862151192362215
2025-09-22T03:41:59Z,0.4594,0.45964528,-0.053362888878139
2025-09-22T03:42:59Z,0.4593,0.45971422,-0.09010380405461982
2025-09-22T03:43:59Z,0.4598,0.46009314,-0.0637131864213436
2025-09-22T03:44:59Z,0.46,0.46023268,-0.0505570356281515
2025-09-22T03:45:59Z,0.4607,0.46079336,-0.020260708617847456
2025-09-22T03:46:59Z,0.46091122,0.46103246,-0.026297497577498774
2025-09-22T03:47:59Z,0.46100421,0.46120638,-0.043835039749451354
2025-09-22T03:48:59Z,0.46119431,0.46118361,0.002320117143783662
2025-09-22T03:49:59Z,0.46178381,0.46186647,-0.01789694757446947
2025-09-22T03:50:59Z,0.4613,0.4615641,-0.05721848817964448
2025-09-22T03:51:59Z,0.46153284,0.46178613,-0.0548500666314955
2025-09-22T03:52:59Z,0.46167276,0.4619057,-0.05043020685823185
2025-09-22T03:53:59Z,0.46141399,0.46177368,-0.077893135875573
2025-09-22T03:54:59Z,0.4611,0.46147909,-0.0821467338855908
2025-09-22T03:55:59Z,0.46077746,0.46122575,-0.09719535390206868
2025-09-22T03:56:59Z,0.4609,0.46130758,-0.0883531980983343
2025-09-22T03:57:59Z,0.461,0.46136628,-0.0793902840060201
2025-09-22T03:58:59Z,0.4607,0.4611546,-0.09857865453364312
2025-09-22T03:59:59Z,0.4609,0.46125945,-0.0779279427229218
2025-09-22T04:00:59Z,0.461,0.46119646,-0.04259789851811524
2025-09-22T04:01:59Z,0.461,0.46115095,-0.03273331649863431
2025-09-22T04:02:59Z,0.461,0.46119447,-0.042166594061721074
2025-09-22T04:03:59Z,0.4616,0.46161625,-0.0035202400262113187
2025-09-22T04:04:59Z,0.4616,0.46176748,-0.03626933624689688
2025-09-22T04:05:59Z,0.46077994,0.4612147,-0.09426412471241763
2025-09-22T04:06:59Z,0.4616,0.46172123,-0.02625610262710909
2025-09-22T04:07:59Z,0.4617042,0.46194359,-0.05182234480188841
2025-09-22T04:08:59Z,0.46082722,0.4613178,-0.10634317600578536
2025-09-22T04:09:59Z,0.46031652,0.4608451,-0.11469797552365879
2025-09-22T04:10:59Z,0.45967618,0.46020722,-0.11539149690001915
2025-09-22T04:11:59Z,0.45970891,0.46016549,-0.09922082596849346
2025-09-22T04:12:59Z,0.4597388,0.46021398,-0.10325196987714946
2025-09-22T04:13:59Z,0.4592,0.45977321,-0.12467233573699721
2025-09-22T04:14:59Z,0.45930046,0.459836,-0.11646326081472536
2025-09-22T04:15:59Z,0.45967273,0.46010093,-0.09306653650972274
2025-09-22T04:16:59Z,0.4599,0.46034846,-0.09741750846740116
2025-09-22T04:17:59Z,0.46004324,0.4603179,-0.05966746024865799
2025-09-22T04:18:59Z,0.46052435,0.46073319,-0.04532775248945464
2025-09-22T04:19:59Z,0.46,0.46033759,-0.07333531028825835
2025-09-22T04:20:59Z,0.4611,0.46115794,-0.012564025244798938
2025-09-22T04:21:59Z,0.4614258,0.4616736,-0.053674284169602515
2025-09-22T04:22:59Z,0.46094025,0.46131836,-0.08196292035721475
2025-09-22T04:23:59Z,0.4612,0.46142369,-0.048478221826886436
2025-09-22T04:24:59Z,0.46136169,0.46162774,-0.0576330183277185
2025-09-22T04:25:59Z,0.46189208,0.46205174,-0.03455457174558196
2025-09-22T04:26:59Z,0.46184785,0.46205753,-0.0453796305408094
2025-09-22T04:27:59Z,0.4619,0.4620326,-0.028699273601051623
2025-09-22T04:28:59Z,0.46223856,0.46238091,-0.030786305602448216
2025-09-22T04:29:59Z,0.462,0.46216628,-0.03597839288490556
2025-09-22T04:30:59Z,0.4624,0.46257982,-0.03887329110033866
2025-09-22T04:31:59Z,0.4627,0.4629219,-0.04793465161185839
2025-09-22T04:32:59Z,0.46175501,0.46220945,-0.09831906292698811
2025-09-22T04:33:59Z,0.4614,0.46184229,-0.09576645741991019
2025-09-22T04:34:59Z,0.4615,0.46181913,-0.06910281087749715
2025-09-22T04:35:59Z,0.4612,0.46156749,-0.07961782577018406
2025-09-22T04:36:59Z,0.4616,0.4618844,-0.06157384834819535
2025-09-22T04:37:59Z,0.4615,0.4619133,-0.08947566567145682
2025-09-22T04:38:59Z,0.4616,0.46196112,-0.07817108071778156
2025-09-22T04:39:59Z,0.46171717,0.46200243,-0.0617442639857968
2025-09-22T04:40:59Z,0.462,0.46223188,-0.05016529798852476
2025-09-22T04:41:59Z,0.4617,0.46203987,-0.07355858705441198
2025-09-22T04:42:59Z,0.4618,0.46211472,-0.06810430102723863
2025-09-22T04:43:59Z,0.4619,0.4621947,-0.06376100807733431
2025-09-22T04:44:59Z,0.46130864,0.46175924,-0.09758332069327302
2025-09-22T04:45:59Z,0.46133774,0.46169279,-0.07690178570907147
2025-09-22T04:46:59Z,0.4612,0.46155937,-0.07785997281346546
2025-09-22T04:47:59Z,0.46114073,0.4616311,-0.1062255121026312
2025-09-22T04:48:59Z,0.4613,0.46171188,-0.08920714797289175
2025-09-22T04:49:59Z,0.4614,0.46179299,-0.0851009020297222
2025-09-22T04:50:59Z,0.46100527,0.46151045,-0.1094623101167036
2025-09-22T04:51:59Z,0.46101892,0.46144814,-0.09301586956228514
2025-09-22T04:52:59Z,0.4607,0.4609793,-0.06058840386108377
2025-09-22T04:53:59Z,0.46055505,0.46086401,-0.0670392986425572
2025-09-22T04:54:59Z,0.46120907,0.4613467,-0.029832228126913662
2025-09-22T04:55:59Z,0.461,0.46127713,-0.060078851080247464
2025-09-22T04:56:59Z,0.4603,0.46069275,-0.08525204705305267
2025-09-22T04:57:59Z,0.4602,0.4605065,-0.06655714957334302
2025-09-22T04:58:59Z,0.4601,0.46038481,-0.06186346591234848
2025-09-22T04:59:59Z,0.4599,0.46013341,-0.05072659253324563
2025-09-22T05:00:59Z,0.46,0.46019095,-0.04149364519228094
2025-09-22T05:01:59Z,0.4597,0.45986148,-0.035114921997814186
2025-09-22T05:02:59Z,0.45935901,0.45971293,-0.07698717545316924
2025-09-22T05:03:59Z,0.45948225,0.45976799,-0.06214873723593417
2025-09-22T05:04:59Z,0.4591,0.45947175,-0.08090812982517459
2025-09-22T05:05:59Z,0.459,0.45935454,-0.07718221311145967
2025-09-22T05:06:59Z,0.4589,0.45926542,-0.07956619072256865
2025-09-22T05:07:59Z,0.459,0.4592847,-0.06198769521387204
2025-09-22T05:08:59Z,0.4587,0.45902189,-0.07012519599011169
2025-09-22T05:09:59Z,0.4584,0.45878703,-0.08435940309821088
2025-09-22T05:10:59Z,0.4586,0.45894355,-0.07485670078596351
2025-09-22T05:11:59Z,0.45861145,0.4589653,-0.07709733175907951
2025-09-22T05:12:59Z,0.45915369,0.45942234,-0.05847560656279116
2025-09-22T05:13:59Z,0.45926242,0.4595063,-0.053074353931592544
2025-09-22T05:14:59Z,0.4591,0.45925412,-0.03355876263014812
2025-09-22T05:15:59Z,0.4588,0.45889655,-0.021039600319516794
2025-09-22T05:16:59Z,0.4596095,0.45958073,0.006260053592765935
2025-09-22T05:17:59Z,0.459,0.45920841,-0.04538462176683078
2025-09-22T05:18:59Z,0.4587,0.45903911,-0.0738738797223526
2025-09-22T05:19:59Z,0.45910108,0.45932078,-0.04783149588833968
2025-09-22T05:20:59Z,0.459,0.45919903,-0.04334286159097811
2025-09-22T05:21:59Z,0.45912502,0.45930776,-0.039785959636307044
2025-09-22T05:22:59Z,0.45940281,0.45948242,-0.01732601652093546
2025-09-22T05:23:59Z,0.459681,0.45981457,-0.02904866629170888
2025-09-22T05:24:59Z,0.4597,0.45984499,-0.031530190206052744
2025-09-22T05:25:59Z,0.4599,0.45995593,-0.012159860619698204
2025-09-22T05:26:59Z,0.45922583,0.45950018,-0.05970617900519226
2025-09-22T05:27:59Z,0.4594,0.45955283,-0.033256241725254654
2025-09-22T05:28:59Z,0.4598,0.45989448,-0.02054384301373169
2025-09-22T05:29:59Z,0.45914853,0.45951504,-0.07976017498795285
2025-09-22T05:30:59Z,0.45835172,0.45878076,-0.09351743521240907
2025-09-22T05:31:59Z,0.45834565,0.45870276,-0.07785215855252714
2025-09-22T05:32:59Z,0.4579,0.45834132,-0.09628632216707178
2025-09-22T05:33:59Z,0.4581704,0.45849297,-0.07035440477964894
2025-09-22T05:34:59Z,0.4582391,0.45855838,-0.069626903339981
2025-09-22T05:35:59Z,0.45793985,0.45836813,-0.09343581544379864
2025-09-22T05:36:59Z,0.45771529,0.45814246,-0.09323955697098096
2025-09-22T05:37:59Z,0.4575121,0.45791563,-0.08812322042819343
2025-09-22T05:38:59Z,0.45651608,0.45710891,-0.12969119328695156
2025-09-22T05:39:59Z,0.45656204,0.45718965,-0.13727563605169246
2025-09-22T05:40:59Z,0.457,0.4573731,-0.08157453947333915
2025-09-22T05:41:59Z,0.45701927,0.45740291,-0.08387353722782986
2025-09-22T05:42:59Z,0.45671617,0.45722956,-0.112282766669769
2025-09-22T05:43:59Z,0.4563,0.45679956,-0.10936087591678634
2025-09-22T05:44:59Z,0.4558,0.45613723,-0.07393169814269296
2025-09-22T05:45:59Z,0.45638342,0.45637777,0.00123800946745245
2025-09-22T05:46:59Z,0.45712168,0.45712539,-0.0008115935104857641
2025-09-22T05:47:59Z,0.45703609,0.45708192,-0.010026649052308212
2025-09-22T05:48:59Z,0.45749822,0.45758957,-0.01996330467060048
2025-09-22T05:49:59Z,0.4571,0.45732905,-0.05008428832588008
2025-09-22T05:50:59Z,0.45686946,0.45712038,-0.054891448943927834
2025-09-22T05:51:59Z,0.4567,0.45698984,-0.06342372950786102
2025-09-22T05:52:59Z,0.4566,0.45672259,-0.02684123857328302
2025-09-22T05:53:59Z,0.45651907,0.45671123,-0.042074726299157206
2025-09-22T05:54:59Z,0.4566,0.45670024,-0.02194875132974783
2025-09-22T05:55:59Z,0.4566,0.45672563,-0.027506667405541307
2025-09-22T05:56:59Z,0.4561,0.45634302,-0.05325380017864312
2025-09-22T05:57:59Z,0.4557,0.45602256,-0.07073334266620712
2025-09-22T05:58:59Z,0.4554,0.45576541,-0.08017501810854144
2025-09-22T05:59:59Z,0.45022345,0.45082084,-0.13251162035897712
2025-09-22T06:00:59Z,0.44433779,0.44515306,-0.18314374835477487
2025-09-22T06:01:59Z,0.4402,0.44041572,-0.048980994593028626
2025-09-22T06:02:59Z,0.4238,0.42484716,-0.24647922796517951
2025-09-22T06:03:59Z,0.42419238,0.42456422,-0.08758156775434678
2025-09-22T06:04:59Z,0.42711514,0.42713511,-0.004675335633252953
2025-09-22T06:05:59Z,0.43013474,0.4301208,0.003240949984273378
2025-09-22T06:06:59Z,0.42912787,0.42953165,-0.09400471420440981
2025-09-22T06:07:59Z,0.42926378,0.42959501,-0.07710285089205238
2025-09-22T06:08:59Z,0.4278,0.42777431,0.006005503229022935
2025-09-22T06:09:59Z,0.4306,0.43067675,-0.01782079018660676
2025-09-22T06:10:59Z,0.4330725,0.43320144,-0.02976444399630518
2025-09-22T06:11:59Z,0.4319,0.43231534,-0.09607338939210397
2025-09-22T06:12:59Z,0.4324,0.43259822,-0.04582080804678146
2025-09-22T06:13:59Z,0.43287552,0.43298702,-0.025751349312963523
2025-09-22T06:14:59Z,0.43328348,0.43350169,-0.05033659730369067
2025-09-22T06:15:59Z,0.4352046,0.43520042,0.0009604770142557228
2025-09-22T06:16:59Z,0.43686133,0.43685717,0.0009522563175545784
2025-09-22T06:17:59Z,0.43661563,0.43667456,-0.01349517590399918
2025-09-22T06:18:59Z,0.43707851,0.43722008,-0.03237957414948811
2025-09-22T06:19:59Z,0.43778408,0.4379679,-0.041971112494776364
2025-09-22T06:20:59Z,0.437053,0.43747363,-0.09614979536023416
2025-09-22T06:21:59Z,0.4354,0.435784,-0.08811704881317439
2025-09-22T06:22:59Z,0.4342,0.43451536,-0.07257741130256568
2025-09-22T06:23:59Z,0.43653461,0.4365677,-0.0075795804407863265
2025-09-22T06:24:59Z,0.437,0.4373138,-0.07175625374730155
2025-09-22T06:25:59Z,0.4372,0.43744771,-0.056626196534437234
2025-09-22T06:26:59Z,0.43603435,0.43621258,-0.040858519027575646
2025-09-22T06:27:59Z,0.4358,0.43619073,-0.08957778630462876
2025-09-22T06:28:59Z,0.4353,0.43561049,-0.07127697957870494
2025-09-22T06:29:59Z,0.43610824,0.4364247,-0.07251193619426388
2025-09-22T06:30:59Z,0.43511245,0.43570717,-0.13649534387969453
2025-09-22T06:31:59Z,0.4372,0.43725079,-0.011615759459238095
2025-09-22T06:32:59Z,0.4362,0.4365065,-0.07021659471280195
2025-09-22T06:33:59Z,0.4367,0.43701339,-0.07171176150918557
2025-09-22T06:34:59Z,0.43841642,0.43872417,-0.07014657979751426
2025-09-22T06:35:59Z,0.4394,0.4394613,-0.013948896068893823
2025-09-22T06:36:59Z,0.43821621,0.4386918,-0.10841096186434696
2025-09-22T06:37:59Z,0.4379,0.43833074,-0.09826826199776928
2025-09-22T06:38:59Z,0.4382,0.43849753,-0.06785214958908714
2025-09-22T06:39:59Z,0.4379,0.4382457,-0.07888269069155074
2025-09-22T06:40:59Z,0.43743365,0.43784003,-0.09281472048136008
2025-09-22T06:41:59Z,0.4383,0.43848625,-0.042475676261233275
2025-09-22T06:42:59Z,0.4392,0.43938475,-0.04204743109541553
2025-09-22T06:43:59Z,0.43902581,0.43938058,-0.08074321354849534
2025-09-22T06:44:59Z,0.43955342,0.4398087,-0.05804341751312059
2025-09-22T06:45:59Z,0.43919002,0.43953521,-0.07853523270638929
2025-09-22T06:46:59Z,0.439,0.43932039,-0.07292855221220362
2025-09-22T06:47:59Z,0.4391,0.43935773,-0.058660627184137226
2025-09-22T06:48:59Z,0.43839908,0.43884668,-0.10199461916858832
2025-09-22T06:49:59Z,0.4382112,0.43869984,-0.1113836740856744
2025-09-22T06:50:59Z,0.43826855,0.43863993,-0.08466625462028032
2025-09-22T06:51:59Z,0.4376,0.43808137,-0.10988141312652244
2025-09-22T06:52:59Z,0.43712566,0.43760851,-0.11033834785342256
2025-09-22T06:53:59Z,0.4373,0.4377012,-0.09166070369466262
2025-09-22T06:54:59Z,0.4376,0.43785955,-0.059276998754509425
2025-09-22T06:55:59Z,0.4374,0.43765609,-0.05851398069200986
2025-09-22T06:56:59Z,0.4381,0.43830069,-0.04578820078974255
2025-09-22T06:57:59Z,0.4384,0.43856174,-0.03687964207729211
2025-09-22T06:58:59Z,0.43910135,0.43948168,-0.08654058116824848
2025-09-22T06:59:59Z,0.43874049,0.43918778,-0.10184481908855902
2025-09-22T07:00:59Z,0.43766925,0.43813656,-0.10665852673878984
2025-09-22T07:01:59Z,0.4384,0.43874397,-0.07839879827863383
2025-09-22T07:02:59Z,0.4379,0.43823002,-0.07530748349918737
2025-09-22T07:03:59Z,0.43964189,0.43992249,-0.0637839633977344
2025-09-22T07:04:59Z,0.4385,0.43908017,-0.13213304531607406
2025-09-22T07:05:59Z,0.43865872,0.43912473,-0.10612246775535406
2025-09-22T07:06:59Z,0.4391,0.43922615,-0.0287209675471245
2025-09-22T07:07:59Z,0.43926981,0.43950537,-0.05359661475808908
2025-09-22T07:08:59Z,0.4393,0.43975835,-0.10422769687034039
2025-09-22T07:09:59Z,0.43901698,0.43940416,-0.08811477797570078
2025-09-22T07:10:59Z,0.43871957,0.43904735,-0.07465709564128398
2025-09-22T07:11:59Z,0.4381,0.43842472,-0.07406516676340402
2025-09-22T07:12:59Z,0.43808886,0.43845343,-0.08314908153413958
2025-09-22T07:13:59Z,0.4385,0.4387475,-0.05641057783805081
2025-09-22T07:14:59Z,0.43879375,0.43920042,-0.09259326300279369
2025-09-22T07:15:59Z,0.43935057,0.43962092,-0.061496163558372174
2025-09-22T07:16:59Z,0.4394,0.43975028,-0.07965429834404514
2025-09-22T07:17:59Z,0.4389,0.43920399,-0.06921385208726871
2025-09-22T07:18:59Z,0.4386,0.43902697,-0.09725370630420116
2025-09-22T07:19:59Z,0.43816646,0.4386177,-0.10287774524375681
2025-09-22T07:20:59Z,0.4398,0.44008875,-0.06561176580859307
2025-09-22T07:21:59Z,0.4394,0.43992453,-0.11923181460237187
2025-09-22T07:22:59Z,0.43953801,0.43983363,-0.0672117773258929
2025-09-22T07:23:59Z,0.439,0.43942209,-0.0960557080778468
2025-09-22T07:24:59Z,0.4388,0.43908287,-0.06442291861670224
2025-09-22T07:25:59Z,0.43862978,0.43904897,-0.09547682118464795
2025-09-22T07:26:59Z,0.43909907,0.43944443,-0.07859014164771638
2025-09-22T07:27:59Z,0.43983724,0.43997188,-0.03060195574315916
2025-09-22T07:28:59Z,0.44035312,0.44055589,-0.04602594236113866
2025-09-22T07:29:59Z,0.4401,0.44032374,-0.05081261346481236
2025-09-22T07:30:59Z,0.43961179,0.43998823,-0.0855568340998536
2025-09-22T07:31:59Z,0.4392,0.43955923,-0.08172504988691598
2025-09-22T07:32:59Z,0.44155741,0.44158975,-0.007323539552273051
2025-09-22T07:33:59Z,0.4409311,0.44132398,-0.08902303473289352
2025-09-22T07:34:59Z,0.44050464,0.44092322,-0.09493262795278179
2025-09-22T07:35:59Z,0.44012997,0.44060101,-0.10690851571131255
2025-09-22T07:36:59Z,0.4399,0.44019381,-0.06674560008010921
2025-09-22T07:37:59Z,0.44,0.44046468,-0.10549767577278102
2025-09-22T07:38:59Z,0.4394,0.43980145,-0.09127982638528209
2025-09-22T07:39:59Z,0.4392,0.43956169,-0.08228424092191489
2025-09-22T07:40:59Z,0.4394,0.439808,-0.09276775320138375
2025-09-22T07:41:59Z,0.4392,0.43954993,-0.07961097843878218
2025-09-22T07:42:59Z,0.4389,0.43924943,-0.07955161148416323
2025-09-22T07:43:59Z,0.4389,0.43914927,-0.056762020804446145
2025-09-22T07:44:59Z,0.4393,0.43959195,-0.06641386403913874
2025-09-22T07:45:59Z,0.4392,0.43956449,-0.08292071090637565
2025-09-22T07:46:59Z,0.4394,0.43967632,-0.06284623197355677
2025-09-22T07:47:59Z,0.4396,0.43981534,-0.04896145732433688
2025-09-22T07:48:59Z,0.4392,0.43952005,-0.07281806597901896
2025-09-22T07:49:59Z,0.43879645,0.43924805,-0.10281206712243751
2025-09-22T07:50:59Z,0.4382,0.43844719,-0.056378511628729644
2025-09-22T07:51:59Z,0.43851592,0.43882512,-0.07046087060832429
2025-09-22T07:52:59Z,0.4383,0.43855261,-0.05760084291824841
2025-09-22T07:53:59Z,0.43800225,0.43831127,-0.07050240802615182
2025-09-22T07:54:59Z,0.4385,0.43863481,-0.030733994869214243
2025-09-22T07:55:59Z,0.438,0.4382557,-0.058344934247300806
2025-09-22T07:56:59Z,0.4374,0.43788626,-0.11104710159208775
2025-09-22T07:57:59Z,0.4379,0.43812745,-0.05191411768423748
2025-09-22T07:58:59Z,0.4375,0.43769747,-0.045115636606252174
2025-09-22T07:59:59Z,0.43765937,0.43799496,-0.07661960311141636
2025-09-22T08:00:59Z,0.43710026,0.43745905,-0.08201681963145857
2025-09-22T08:01:59Z,0.4355946,0.43608552,-0.11257424919772774
2025-09-22T08:02:59Z,0.4351,0.43532865,-0.052523535953807876
2025-09-22T08:03:59Z,0.4353,0.43562261,-0.07405722122642011
2025-09-22T08:04:59Z,0.4359,0.43608384,-0.04215703108833013
2025-09-22T08:05:59Z,0.43595277,0.43622891,-0.06330162757898217
2025-09-22T08:06:59Z,0.4353,0.4357727,-0.10847398196353053
2025-09-22T08:07:59Z,0.4363,0.43651697,-0.04970482590859193
2025-09-22T08:08:59Z,0.43754469,0.43761547,-0.016174016882897213
2025-09-22T08:09:59Z,0.43832907,0.43849848,-0.03863411339534162
2025-09-22T08:10:59Z,0.4386,0.43888025,-0.06385568728600743
2025-09-22T08:11:59Z,0.43822908,0.43873357,-0.11498778176468605
2025-09-22T08:12:59Z,0.43950296,0.43970974,-0.04702647705734364
2025-09-22T08:13:59Z,0.43874773,0.43912709,-0.086389568905898
2025-09-22T08:14:59Z,0.43831241,0.43863045,-0.07250750603384759
2025-09-22T08:15:59Z,0.43788483,0.43823855,-0.08071403120515352
2025-09-22T08:16:59Z,0.4375,0.43787773,-0.08626380702211334
2025-09-22T08:17:59Z,0.43776741,0.43809466,-0.07469846813471515
2025-09-22T08:18:59Z,0.4382,0.43859226,-0.08943614280836343
2025-09-22T08:19:59Z,0.43868282,0.43893667,-0.057832944328850555
2025-09-22T08:20:59Z,0.43834655,0.43862575,-0.06365335368476721
2025-09-22T08:21:59Z,0.43866913,0.43876398,-0.021617544813035128
2025-09-22T08:22:59Z,0.43720802,0.4377905,-0.1330499405537644
2025-09-22T08:23:59Z,0.4372,0.43766602,-0.10647845130860034
2025-09-22T08:24:59Z,0.43726492,0.43772307,-0.10466663317516556
2025-09-22T08:25:59Z,0.4376,0.43793734,-0.07702928460040503
2025-09-22T08:26:59Z,0.4374,0.43784106,-0.1007351845895843
2025-09-22T08:27:59Z,0.4375,0.43771602,-0.04935163213811711
2025-09-22T08:28:59Z,0.43711183,0.43756576,-0.10373983558494837
2025-09-22T08:29:59Z,0.4377,0.43804383,-0.07849214540929239
2025-09-22T08:30:59Z,0.43730604,0.43775858,-0.10337661457143765
2025-09-22T08:31:59Z,0.4381,0.43834199,-0.05520575384531101
2025-09-22T08:32:59Z,0.43731848,0.4377752,-0.10432751786760841
2025-09-22T08:33:59Z,0.4372,0.43756377,-0.08313531076854508
2025-09-22T08:34:59Z,0.43804394,0.43827226,-0.05209547143139037
2025-09-22T08:35:59Z,0.43905092,0.43916793,-0.026643566619255488
2025-09-22T08:36:59Z,0.4385,0.43872332,-0.050902240619443706
2025-09-22T08:37:59Z,0.43891362,0.43911162,-0.04509104086108939
2025-09-22T08:38:59Z,0.4386,0.4388373,-0.05407471060459024
2025-09-22T08:39:59Z,0.43904578,0.43927586,-0.052377109909940156
2025-09-22T08:40:59Z,0.43938791,0.43965391,-0.060502134508477745
2025-09-22T08:41:59Z,0.4391545,0.43950401,-0.07952373403828927
2025-09-22T08:42:59Z,0.43999867,0.4402213,-0.050572291708739225
2025-09-22T08:43:59Z,0.44006455,0.44034523,-0.06374089711383979
2025-09-22T08:44:59Z,0.44011725,0.44050127,-0.08717795524175731
2025-09-22T08:45:59Z,0.4404787,0.4407948,-0.07171137227571789
2025-09-22T08:46:59Z,0.4402,0.44050741,-0.06978543221327627
2025-09-22T08:47:59Z,0.44050432,0.44085886,-0.08042029596502243
2025-09-22T08:48:59Z,0.4407,0.44092311,-0.05060065914894718
2025-09-22T08:49:59Z,0.44110317,0.44132064,-0.049277097033118
2025-09-22T08:50:59Z,0.44070746,0.4410959,-0.08806248255764926
2025-09-22T08:51:59Z,0.4403,0.4407183,-0.09491323596046986
2025-09-22T08:52:59Z,0.44031169,0.4407018,-0.08852017395889478
2025-09-22T08:53:59Z,0.4405,0.44073719,-0.05381665205062003
2025-09-22T08:54:59Z,0.4398113,0.4402395,-0.0972652385803574
2025-09-22T08:55:59Z,0.44040879,0.44077442,-0.08295172846010113
2025-09-22T08:56:59Z,0.44021231,0.44056631,-0.08035112807422973
2025-09-22T08:57:59Z,0.4394,0.43988782,-0.11089645537354365
2025-09-22T08:58:59Z,0.43967948,0.44012441,-0.10109187081898119
2025-09-22T08:59:59Z,0.43957659,0.44007778,-0.11388668612171138
2025-09-22T09:00:59Z,0.4393,0.43969087,-0.088896546794337
2025-09-22T09:01:59Z,0.43870105,0.43911348,-0.09392332934075043
2025-09-22T09:02:59Z,0.43919288,0.43966459,-0.10728860379681793
2025-09-22T09:03:59Z,0.4384,0.4387199,-0.0729166832869832
2025-09-22T09:04:59Z,0.4374,0.4378128,-0.09428687329379182
2025-09-22T09:05:59Z,0.43737134,0.43778588,-0.09469012568428248
2025-09-22T09:06:59Z,0.4379834,0.4380397,-0.012852716317712787
2025-09-22T09:07:59Z,0.43841566,0.43867188,-0.05840812043845789
2025-09-22T09:08:59Z,0.43875471,0.43896882,-0.04877567386221138
2025-09-22T09:09:59Z,0.43803065,0.43846387,-0.09880403600870391
2025-09-22T09:10:59Z,0.4382,0.43854809,-0.07937327922236115
2025-09-22T09:11:59Z,0.438,0.43836674,-0.08366054413707635
2025-09-22T09:12:59Z,0.4371,0.43760372,-0.11510871068463047
2025-09-22T09:13:59Z,0.4373,0.43751015,-0.04803317134469687
2025-09-22T09:14:59Z,0.4372,0.43764395,-0.10144090875700007
2025-09-22T09:15:59Z,0.43773004,0.43813055,-0.09141339265203996
2025-09-22T09:16:59Z,0.43821025,0.43857531,-0.08323769981487539
2025-09-22T09:17:59Z,0.437,0.43734519,-0.07892850039118438
2025-09-22T09:18:59Z,0.4376,0.43797006,-0.08449436018526102
2025-09-22T09:19:59Z,0.4375,0.43789365,-0.08989625677376933
2025-09-22T09:20:59Z,0.4373,0.43768704,-0.08842848077018628
2025-09-22T09:21:59Z,0.4372,0.43764079,-0.1007195878610867
2025-09-22T09:22:59Z,0.43653859,0.43694624,-0.09329523009512508
2025-09-22T09:23:59Z,0.43652994,0.43671782,-0.04302091451179324
2025-09-22T09:24:59Z,0.4367,0.43678169,-0.01870270706632038
2025-09-22T09:25:59Z,0.43713969,0.43751458,-0.08568628730040162
2025-09-22T09:26:59Z,0.4374,0.43775464,-0.08101341884119151
2025-09-22T09:27:59Z,0.4374,0.43769572,-0.06756291791019109
2025-09-22T09:28:59Z,0.4373,0.43772595,-0.0973097436877901
2025-09-22T09:29:59Z,0.43717724,0.43766456,-0.11134554737536329
2025-09-22T09:30:59Z,0.4373,0.4374863,-0.04258419063636332
2025-09-22T09:31:59Z,0.4364,0.4366641,-0.06048127153113203
2025-09-22T09:32:59Z,0.4361,0.43631317,-0.0488571087597478
2025-09-22T09:33:59Z,0.43614654,0.43633859,-0.04401398464435324
2025-09-22T09:34:59Z,0.4361,0.43641747,-0.07274456726032996
2025-09-22T09:35:59Z,0.4356,0.43594935,-0.08013545610288109
2025-09-22T09:36:59Z,0.43564282,0.43593205,-0.06634749612928204
2025-09-22T09:37:59Z,0.43525405,0.43563841,-0.08822913480011074
2025-09-22T09:38:59Z,0.43547158,0.4357232,-0.05774767099845368
2025-09-22T09:39:59Z,0.43480525,0.43512566,-0.07363619971298974
2025-09-22T09:40:59Z,0.4358,0.43601867,-0.0501515221813742
2025-09-22T09:41:59Z,0.4353,0.43560539,-0.0701070296673656
2025-09-22T09:42:59Z,0.435,0.43522086,-0.0507466484947372
2025-09-22T09:43:59Z,0.4352,0.43550502,-0.07003822826199269
2025-09-22T09:44:59Z,0.435,0.43534151,-0.07844645919475868
2025-09-22T09:45:59Z,0.4357,0.43597535,-0.06315724042654791
2025-09-22T09:46:59Z,0.43525701,0.43564989,-0.09018250871128952
2025-09-22T09:47:59Z,0.4347,0.43486255,-0.03737962719485566
2025-09-22T09:48:59Z,0.4345,0.43466535,-0.03804075940261331
2025-09-22T09:49:59Z,0.43475327,0.43499781,-0.0562163749743827
2025-09-22T09:50:59Z,0.4336,0.43394495,-0.07949164980488588
2025-09-22T09:51:59Z,0.43303325,0.43355856,-0.12116240998678585
2025-09-22T09:52:59Z,0.43330117,0.4336497,-0.080371322751982
2025-09-22T09:53:59Z,0.43372992,0.4339627,-0.053640554821876574
2025-09-22T09:54:59Z,0.43370349,0.43402327,-0.07367807721461173
2025-09-22T09:55:59Z,0.43489972,0.43494899,-0.011327765124824474
2025-09-22T09:56:59Z,0.43437704,0.43473337,-0.08196518247495233
2025-09-22T09:57:59Z,0.4338,0.43413238,-0.07656190031252175
2025-09-22T09:58:59Z,0.4334,0.43369961,-0.06908237708583842
2025-09-22T09:59:59Z,0.4335,0.433673,-0.039891807882896924
2025-09-22T10:00:59Z,0.4336299,0.43394524,-0.07266815508795155
2025-09-22T10:01:59Z,0.4331,0.43336288,-0.06066047927316687
2025-09-22T10:02:59Z,0.4338,0.43403704,-0.05461285055302634
2025-09-22T10:03:59Z,0.4338,0.43387419,-0.017099426909905624
2025-09-22T10:04:59Z,0.43504776,0.43523042,-0.041968573795925224
2025-09-22T10:05:59Z,0.4356787,0.4357267,-0.011016079574666104
2025-09-22T10:06:59Z,0.43581288,0.43609571,-0.06485502918613939
2025-09-22T10:07:59Z,0.4367,0.43691166,-0.04844457572956706
2025-09-22T10:08:59Z,0.43675801,0.43697164,-0.04888875625888023
2025-09-22T10:09:59Z,0.4365,0.43671741,-0.04978276455706032
2025-09-22T10:10:59Z,0.43716931,0.43729123,-0.027880732938545538
2025-09-22T10:11:59Z,0.4371,0.43742099,-0.07338239529841584
2025-09-22T10:12:59Z,0.43650602,0.4369648,-0.10499243875021769
2025-09-22T10:13:59Z,0.4366,0.43681152,-0.04842363131815075
2025-09-22T10:14:59Z,0.4367,0.43688858,-0.04316432349869004
2025-09-22T10:15:59Z,0.436412,0.43678626,-0.08568492974113662
2025-09-22T10:16:59Z,0.4366,0.43674529,-0.033266529331088535
2025-09-22T10:17:59Z,0.43721194,0.43737777,-0.03791459268722708
2025-09-22T10:18:59Z,0.437,0.43725717,-0.05881435860730644
2025-09-22T10:19:59Z,0.43704928,0.43732544,-0.06314748119844449
2025-09-22T10:20:59Z,0.43753167,0.43762591,-0.021534373958809194
2025-09-22T10:21:59Z,0.43810149,0.4382256,-0.028321029168543177
2025-09-22T10:22:59Z,0.4375,0.4377396,-0.054735737867905865
2025-09-22T10:23:59Z,0.43772189,0.43798083,-0.05912130903080737
2025-09-22T10:24:59Z,0.4378,0.4380986,-0.06815817261227597
2025-09-22T10:25:59Z,0.438,0.43812641,-0.02885240357914931
2025-09-22T10:26:59Z,0.438,0.43819392,-0.044254379430919144
2025-09-22T10:27:59Z,0.438,0.43825793,-0.05885347014713549
2025-09-22T10:28:59Z,0.43855137,0.43869654,-0.03309121152403893
2025-09-22T10:29:59Z,0.43863543,0.43888168,-0.05610851653684579
2025-09-22T10:30:59Z,0.43694058,0.4373308,-0.08922765101383456
2025-09-22T10:31:59Z,0.4366,0.437025,-0.097248441164699
2025-09-22T10:32:59Z,0.43631942,0.43670723,-0.08880320117438112
2025-09-22T10:33:59Z,0.4363,0.43672304,-0.09686688387221531
2025-09-22T10:34:59Z,0.4365,0.43678257,-0.06469351558602288
2025-09-22T10:35:59Z,0.43634486,0.43675207,-0.09323596336933138
2025-09-22T10:36:59Z,0.4362,0.436588,-0.08887097217513684
2025-09-22T10:37:59Z,0.436,0.43648716,-0.11160923954784963
2025-09-22T10:38:59Z,0.436,0.43627391,-0.06278395148588967
2025-09-22T10:39:59Z,0.4362,0.43631082,-0.025399324270714008
2025-09-22T10:40:59Z,0.4361,0.43644361,-0.07872952934285804
2025-09-22T10:41:59Z,0.43585203,0.43616737,-0.07229793462083522
2025-09-22T10:42:59Z,0.4362,0.4363735,-0.03975951793591115
2025-09-22T10:43:59Z,0.43602686,0.43632369,-0.06802976936686189
2025-09-22T10:44:59Z,0.4366,0.43674869,-0.0340447500827068
2025-09-22T10:45:59Z,0.43718337,0.43722608,-0.009768401738519117
2025-09-22T10:46:59Z,0.43733571,0.43744109,-0.02409010090935748
2025-09-22T10:47:59Z,0.4382,0.43826197,-0.014139944654567582
2025-09-22T10:48:59Z,0.43846138,0.43861337,-0.034652386451416994
2025-09-22T10:49:59Z,0.43898545,0.43913,-0.032917359324124984
2025-09-22T10:50:59Z,0.4388,0.43892863,-0.02930544767607568
2025-09-22T10:51:59Z,0.4392,0.43929156,-0.020842649469532404
2025-09-22T10:52:59Z,0.43922506,0.4392779,-0.012028831862476164
2025-09-22T10:53:59Z,0.4394,0.43952339,-0.02807359125984732
2025-09-22T10:54:59Z,0.4399,0.4403086,-0.09279855083457189
2025-09-22T10:55:59Z,0.44,0.4403327,-0.07555650534244451
2025-09-22T10:56:59Z,0.44056479,0.44089378,-0.07461887985810156
2025-09-22T10:57:59Z,0.44034256,0.44075223,-0.09294791316201145
2025-09-22T10:58:59Z,0.43974624,0.4401849,-0.09965357739439851
2025-09-22T10:59:59Z,0.4395,0.43986383,-0.08271423453936055
2025-09-22T11:00:59Z,0.4398,0.44001972,-0.049934125679640395
2025-09-22T11:01:59Z,0.43996896,0.44020809,-0.05432203665316493
2025-09-22T11:02:59Z,0.43947564,0.43976255,-0.06524202663459322
2025-09-22T11:03:59Z,0.43916889,0.43955697,-0.0882888968863349
2025-09-22T11:04:59Z,0.4386,0.43910934,-0.11599388890248807
2025-09-22T11:05:59Z,0.4384,0.43862298,-0.05083636976794814
2025-09-22T11:06:59Z,0.4386,0.43875174,-0.03458447822908273
2025-09-22T11:07:59Z,0.4388,0.43887348,-0.01674286630396482
2025-09-22T11:08:59Z,0.43936136,0.43940115,-0.009055506568433902
2025-09-22T11:09:59Z,0.4394,0.43949975,-0.02269625864406155
2025-09-22T11:10:59Z,0.43916713,0.43925011,-0.01889128724407163
2025-09-22T11:11:59Z,0.4391,0.43926759,-0.038152143207281775
2025-09-22T11:12:59Z,0.43893948,0.43915394,-0.04883481177466731
2025-09-22T11:13:59Z,0.4383,0.43874588,-0.1016260255252921
2025-09-22T11:14:59Z,0.43827622,0.43870892,-0.09863031734116401
2025-09-22T11:15:59Z,0.4384,0.43868379,-0.06469124377721513
2025-09-22T11:16:59Z,0.4381,0.43851205,-0.09396549080008532
2025-09-22T11:17:59Z,0.4374,0.43789223,-0.11240893678337027
2025-09-22T11:18:59Z,0.4379,0.43811268,-0.048544589031285224
2025-09-22T11:19:59Z,0.43773604,0.43797326,-0.05416312402267698
2025-09-22T11:20:59Z,0.43795009,0.43820101,-0.0572613924372245
2025-09-22T11:21:59Z,0.43846129,0.43864156,-0.04109733696916473
2025-09-22T11:22:59Z,0.43897285,0.43901069,-0.0086193800884371
2025-09-22T11:23:59Z,0.4386,0.43881468,-0.048922702403675355
2025-09-22T11:24:59Z,0.4385,0.43873149,-0.05276347954873417
2025-09-22T11:25:59Z,0.4376,0.43797706,-0.08609126697183278
2025-09-22T11:26:59Z,0.4377,0.43792859,-0.05219800789896256
2025-09-22T11:27:59Z,0.438,0.43833664,-0.07679942064620082
2025-09-22T11:28:59Z,0.438,0.4381886,-0.04304082762536243
2025-09-22T11:29:59Z,0.43754755,0.43799658,-0.10251906533151889
2025-09-22T11:30:59Z,0.4373,0.43739197,-0.021026906369592258
2025-09-22T11:31:59Z,0.43729125,0.43744065,-0.03415320455470994
2025-09-22T11:32:59Z,0.4368,0.43703997,-0.054908021341837365
2025-09-22T11:33:59Z,0.4371,0.437296,-0.04482089934507716
2025-09-22T11:34:59Z,0.4369,0.43710572,-0.04706412901664958
2025-09-22T11:35:59Z,0.4364,0.43665651,-0.05874411445279115
2025-09-22T11:36:59Z,0.4368,0.43691012,-0.025204268557565968
2025-09-22T11:37:59Z,0.43670321,0.43688244,-0.04102476629639362
2025-09-22T11:38:59Z,0.4364,0.43658939,-0.04337943256019772
2025-09-22T11:39:59Z,0.4365,0.43671317,-0.04881235892199021
2025-09-22T11:40:59Z,0.4365,0.43669382,-0.044383499633682266
2025-09-22T11:41:59Z,0.43640513,0.43660417,-0.04558820407052355
2025-09-22T11:42:59Z,0.4365,0.43661939,-0.02734418185138532
